lat,category,raw_text,preprocessed_text,is_text_missing,is_llava_imputed
47.541534,works_well,Trolley bus Good clock on trolleybus connections and sensible lines,trolley bus good clock on trolleybus connections and sensible lines,False,False
47.554565,works_well,"S-Bahn Good S-Bahn connections to all corrections, good pace to the wine country.",s bahn good s bahn connections to all corrections good pace to the wine country,False,False
47.42291,works_well,"Inclusive to parents, disabled and old people The bus has a space where parents can leave the uncomfortable child carriages, for old people to sit and for wheelchairs. This should be strengthened, inclusion is key for people to receive the public transport as a good way of moving around. In tram stations but not aa spacious as in the bus.",inclusive to parents disabled and old people the bus has a space where parents can leave the uncomfortable child carriages for old people to sit and for wheelchairs this should be strengthened inclusion is key for people to receive the public transport as a good way of moving around in tram stations but not aa spacious as in the bus,False,False
47.42291,works_well,"Bike lanes are respected Bikes are one the most sustainable ways of moving, it should be respected and encouraged. Even tho there are some bike lanes and this survey is about public transport, i think bike lanes should be more supported in this Grüze area. It could be maybe strengthened if there were more bike lanes connecting the old town of Winterthur with the Hegi area. And a recreational area for biking (like bmx)",bike lanes are respected bikes are one the most sustainable ways of moving it should be respected and encouraged even tho there are some bike lanes and this survey is about public transport i think bike lanes should be more supported in this grüze area it could be maybe strengthened if there were more bike lanes connecting the old town of winterthur with the hegi area and a recreational area for biking like bmx,False,False
47.378227,works_well,"Future networking opportunities close to bus lines New networking opportunities make the people want to go out more and use this area, easily using more the public transport and less the car, liberating the space that they need in the streets. This would make the flow of buses more punctual. More investments in open spaces, green spaces, parks, cafes, bars, restaurants, etc. Places where people enjoy being, rather than just an industrial gray area.",future networking opportunities close to bus lines new networking opportunities make the people want to go out more and use this area easily using more the public transport and less the car liberating the space that they need in the streets this would make the flow of buses more punctual more investments in open spaces green spaces parks cafes bars restaurants etc places where people enjoy being rather than just an industrial gray area,False,False
47.501602,works_well,"Juhuuu the barrier is up, fortunately I don't have to take the transfer.  Maintaining the barrier, as the route to the station is extremely shortened compared to the overpass.",juhuuu the barrier is up fortunately i don t have to take the transfer maintaining the barrier as the route to the station is extremely shortened compared to the overpass,False,False
47.501602,works_well,,,True,False
47.50161,works_well,Large windows for observing landscapes,large windows for observing landscapes,False,False
47.38898,works_well,plenty of space in the trains It is pleasant and comfortable Also offer long trains at marginal times and do not shorten Partially at marginal times,plenty of space in the trains it is pleasant and comfortable also offer long trains at marginal times and do not shorten partially at marginal times,False,False
47.50247,works_well,On time Bus arrivals and departments on time even on a rainy weather,on time bus arrivals and departments on time even on a rainy weather,False,False
47.499924,works_well,"Heating works very well It got very windy, rainy and cold fast Outside and the busdriver instantly turned on the heating, that works well",heating works very well it got very windy rainy and cold fast outside and the busdriver instantly turned on the heating that works well,False,False
47.49579,works_well,"Bus stop very well delineated Its very important because the people need to know at which position to expect the bus. It makes the exchange of passengers more efficient. Preserved respecting the position, think as a fitting and spread along the lines.",bus stop very well delineated its very important because the people need to know at which position to expect the bus it makes the exchange of passengers more efficient preserved respecting the position think as a fitting and spread along the lines,False,False
47.49674,works_well,"Buses respect their distances 3 buses waiting to leave and pick up passgers, event though they are late, still don't rush and respect their turns and distances. I don't think it can be strengthened anymore, that's swiss culture.",buses respect their distances 3 buses waiting to leave and pick up passgers event though they are late still don t rush and respect their turns and distances i don t think it can be strengthened anymore that s swiss culture,False,False
47.503014,works_well,"Pedestrian crossings at both sides of bus stop You can cross safely once getting off the bus, or going to the stop Not changing it",pedestrian crossings at both sides of bus stop you can cross safely once getting off the bus or going to the stop not changing it,False,False
47.502613,works_well,Estimated arrival time at bus stops I can estimate an exact time of arrival Keep as is On trains,estimated arrival time at bus stops i can estimate an exact time of arrival keep as is on trains,False,False
47.305973,works_well,Seats are usually very clean and in good condition Sitting on dirty seats is unpleasant Clean well Mostly in all trains relatively solid,seats are usually very clean and in good condition sitting on dirty seats is unpleasant clean well mostly in all trains relatively solid,False,False
47.497852,works_well,Bus Its my favorite bus and it drives in a really good frequency. The politicaless of the staff. Every day,bus its my favorite bus and it drives in a really good frequency the politicaless of the staff every day,False,False
47.29661,works_well,"Windows are usually clean and not scratched If you want to look out the window, clean windows are important. Window nice cleaning from the inside and outside In most trains",windows are usually clean and not scratched if you want to look out the window clean windows are important window nice cleaning from the inside and outside in most trains,False,False
47.496235,works_well,Nice view There is a nice view from the bus. Nothing Not really that-s normal in Switzerland.,nice view there is a nice view from the bus nothing not really that s normal in switzerland,False,False
47.50161,works_well,Good fast connections from grüze directly to zürich,good fast connections from grüze directly to zürich,False,False
47.490074,works_well,Stop Storchenbrücke stands on the side where nobody lives.. Place there is sufficient after turning the line 4. Crossing the road is long and dangerous for pedestrians.,stop storchenbrücke stands on the side where nobody lives place there is sufficient after turning the line 4 crossing the road is long and dangerous for pedestrians,False,False
47.49016,works_well,alternative place for bus stop Storchenbrücke line 4 on the side where the passengers live.,alternative place for bus stop storchenbrücke line 4 on the side where the passengers live,False,False
47.49872,works_well,Charging cable station for phone Because you can always use it. Nowadays you are very much at mobile. Especially in the evening when it is already dark I appreciate such stations very Not everytime the station is working More checking And more of that station in the bus. Often there are know who or less At the evening after work and low battery I approach it,charging cable station for phone because you can always use it nowadays you are very much at mobile especially in the evening when it is already dark i appreciate such stations very not everytime the station is working more checking and more of that station in the bus often there are know who or less at the evening after work and low battery i approach it,False,False
47.497776,works_well,Punctual bus Because I get to my destination on time And it's cold outside and so I have to freeze I guess the bus arrives in time Couldnt been better Just happy how it is Often the bus is coming at correct time,punctual bus because i get to my destination on time and it s cold outside and so i have to freeze i guess the bus arrives in time couldnt been better just happy how it is often the bus is coming at correct time,False,False
47.50154,works_well,,,True,False
47.348713,works_well,Local train S-Bahn from Winterthur to Winterthur Grüze super on time Allows punctual arrival to destiny Keep infrastructure and operations management intact,local train s bahn from winterthur to winterthur grüze super on time allows punctual arrival to destiny keep infrastructure and operations management intact,False,False
55.781197,works_well,,,True,False
47.499527,works_well,There's still room It's very quiet Maintaining Moral Practices Mostly in trains that are not too crowded,there s still room it s very quiet maintaining moral practices mostly in trains that are not too crowded,False,False
47.27637,works_well,Delays are made transparent you know what's going on and how much delay the train has continue to communicate well and be honest time and again in everyday life,delays are made transparent you know what s going on and how much delay the train has continue to communicate well and be honest time and again in everyday life,False,False
47.26372,works_well,Animals are allowed in public transport and keepers ensure that the animals behave properly I find this very tolerant from the SBB Do not introduce any animal bans I keep seeing animals in public transport and there have never been any problems,animals are allowed in public transport and keepers ensure that the animals behave properly i find this very tolerant from the sbb do not introduce any animal bans i keep seeing animals in public transport and there have never been any problems,False,False
47.26372,works_well,"even if it gets tight everything will remain respectful and do not need too much space for legs, backpacks, etc because the space is limited and you don't have to make yourself unnecessarily wide consider other guests in public transport almost daily at peak times",even if it gets tight everything will remain respectful and do not need too much space for legs backpacks etc because the space is limited and you don t have to make yourself unnecessarily wide consider other guests in public transport almost daily at peak times,False,False
,works_well,"On Time, not too packed I的m in the office in 30min. Really spontaneous with great connection Everything was good",on time not too packed i m in the office in 30min really spontaneous with great connection everything was good,False,False
,works_well,Train is almost on time,train is almost on time,False,False
,works_well,Arrival in Winterthur without further delay,arrival in winterthur without further delay,False,False
,works_well,Train's here,train s here,False,False
,works_well,Connection train is still waiting or is already there.,connection train is still waiting or is already there,False,False
,works_well,Now a short walk,now a short walk,False,False
47.497894,works_well,,,True,False
,works_well,"Chess for everyone to play Gives a playful vibe, engagements the people together. Maybe build a food court around it to combine play and food. Lakes some chess boards in other cities in Switzerland.",chess for everyone to play gives a playful vibe engagements the people together maybe build a food court around it to combine play and food lakes some chess boards in other cities in switzerland,False,False
47.4983,works_well,"Nice Park Meeting point for people Food stalls, events A park right in the old town, including a chessboard to play",nice park meeting point for people food stalls events a park right in the old town including a chessboard to play,False,False
47.498528,works_well,well designed bus station Cause its the main station more green spots like trees,well designed bus station cause its the main station more green spots like trees,False,False
,works_well,Lots of buses with lots of good connections The connections are very good planned and wave done with the informations from,lots of buses with lots of good connections the connections are very good planned and wave done with the informations from,False,False
47.500385,works_well,Transport Architecture Information poster about the construction and...,transport architecture information poster about the construction and,False,False
,works_well,"Design of the road makes calmer Before it was a normal street, me calmer now. It is new ready",design of the road makes calmer before it was a normal street me calmer now it is new ready,False,False
47.499687,works_well,Large information panel Big information board.,large information panel big information board,False,False
47.499638,works_well,"Work right out of the train station, and then you find the bus",work right out of the train station and then you find the bus,False,False
47.499454,works_well,"Entrance track 1 is very simple and large Track 1 is open to the city, which means that there is a lot of entry and the barrier-free. Leave it that way",entrance track 1 is very simple and large track 1 is open to the city which means that there is a lot of entry and the barrier free leave it that way,False,False
47.499454,works_well,Good platforms The entrance to the bus is very easy. It is flat and barrier-free. Leave it that way,good platforms the entrance to the bus is very easy it is flat and barrier free leave it that way,False,False
47.499496,works_well,cozy indoor hall at main station in contrast to other stations Winti has a cozy interior which is also well heated in winter,cozy indoor hall at main station in contrast to other stations winti has a cozy interior which is also well heated in winter,False,False
47.50046,works_well,Empty bus Pleasant journey,empty bus pleasant journey,False,False
47.499744,works_well,Roofing The roofing is very good. It lets through a lot of light and is an optimal protection in case of rain.,roofing the roofing is very good it lets through a lot of light and is an optimal protection in case of rain,False,False
47.498184,works_well,Newly restored schoolhouse Architecturally beautiful old building,newly restored schoolhouse architecturally beautiful old building,False,False
,works_well,"Restaurant near the train station I think it's good that there's a Riceup right next to Perron, because you can see from the track if the train is already there or not Pleasure before the train no something to eat",restaurant near the train station i think it s good that there s a riceup right next to perron because you can see from the track if the train is already there or not pleasure before the train no something to eat,False,False
47.49812,works_well,Good cycling Important for a continuous bicycle connection through the city Further development of bicycle connections,good cycling important for a continuous bicycle connection through the city further development of bicycle connections,False,False
47.498955,works_well,Ticket devaluer right next to the ramp for underpass The ticket evaluation works so smoothly even if you have to stress on the train. Maybe second evaluator on the other side if one breaks. At other stations you have to walk a bit along the Perron to the next dewerter. At the station Winterthur one was already broken and you had to go to the next one.,ticket devaluer right next to the ramp for underpass the ticket evaluation works so smoothly even if you have to stress on the train maybe second evaluator on the other side if one breaks at other stations you have to walk a bit along the perron to the next dewerter at the station winterthur one was already broken and you had to go to the next one,False,False
47.496414,works_well,Step-free bus access Entry and exit times are decreasing,step free bus access entry and exit times are decreasing,False,False
47.497383,works_well,Art Legal Grafitti upgrading industrial buildings Several such places in the industrial quarters,art legal grafitti upgrading industrial buildings several such places in the industrial quarters,False,False
47.499138,works_well,Super chill place on this side of the train station Nice places to sit and watch the trains! leave the cars out just as now,super chill place on this side of the train station nice places to sit and watch the trains leave the cars out just as now,False,False
47.49778,works_well,Art very nice element in front of a very large concrete wall. Makes this pass more pleasant. The elements could be green. With greening it would be even more beautiful,art very nice element in front of a very large concrete wall makes this pass more pleasant the elements could be green with greening it would be even more beautiful,False,False
47.4988,works_well,"Perfect new station underpass Wheelchair, bicycle accessible, families with stroller  At other stations",perfect new station underpass wheelchair bicycle accessible families with stroller at other stations,False,False
47.4993,works_well,Direct Park and Ride,direct park and ride,False,False
47.498863,works_well,Big old trees These large old trees enhance the space next to the industry very positively. Covers the view of the large industrial building of the municipal utilities. With more trees.,big old trees these large old trees enhance the space next to the industry very positively covers the view of the large industrial building of the municipal utilities with more trees,False,False
,works_well,Bright Lighting Makes the journy more confortable. Add more colors to the grey sourroundings.,bright lighting makes the journy more confortable add more colors to the grey sourroundings,False,False
47.498913,works_well,Great bike station  Could be a little too small in the development of residential areas,great bike station could be a little too small in the development of residential areas,False,False
47.498856,works_well,Wide well-exposed underpass Safety even at night  Winterthur Hauptbahnhof new underpass,wide well exposed underpass safety even at night winterthur hauptbahnhof new underpass,False,False
47.499493,works_well,"Bike parking directly at the train station Enough space, illuminated safely with the handle to close the bike Check so that no bikes are parked for a long time Winterthur Central Station",bike parking directly at the train station enough space illuminated safely with the handle to close the bike check so that no bikes are parked for a long time winterthur central station,False,False
,works_well,"Nice entry to station. Open, inviting Good care of the infrastructure.",nice entry to station open inviting good care of the infrastructure,False,False
47.498875,works_well,looks good,looks good,False,False
47.500744,works_well,,,True,False
47.4993,works_well,"New transition Super new connection with the city, the new quarters Hegi and Oberwinterthur Extension of the station to complete the entire project",new transition super new connection with the city the new quarters hegi and oberwinterthur extension of the station to complete the entire project,False,False
47.498962,works_well,Easy to find your track,easy to find your track,False,False
47.49888,works_well,Beautiful Trees Beautiful Trees more trees,beautiful trees beautiful trees more trees,False,False
,works_well,The Perrons are well drawn It's easy to find the right exit edge,the perrons are well drawn it s easy to find the right exit edge,False,False
,works_well,"Refreshing station design Adds Character to the station Refurbishment, inclusion in the new station rebuild.",refreshing station design adds character to the station refurbishment inclusion in the new station rebuild,False,False
,works_well,Nice and quick connection. Convenient transfer bus-train in the future. With good maintenance,nice and quick connection convenient transfer bus train in the future with good maintenance,False,False
47.49592,works_well,"White walls The knowledge walls are very meaningful in the underpass as they light up the underpass very strongly with little energy If this looks sterile, you could distribute very small paintings on metal plates on the wall",white walls the knowledge walls are very meaningful in the underpass as they light up the underpass very strongly with little energy if this looks sterile you could distribute very small paintings on metal plates on the wall,False,False
47.499207,works_well,Bicycle parking system covered bicycle storage system. The system could be made even safer and it definitely needs more parking spaces.,bicycle parking system covered bicycle storage system the system could be made even safer and it definitely needs more parking spaces,False,False
47.49899,works_well,Bicycle parking space a good covered bike parking space. It takes more parking space. The capacity of this storage system is now almost reached. The bicycle storage system could be made even safer.,bicycle parking space a good covered bike parking space it takes more parking space the capacity of this storage system is now almost reached the bicycle storage system could be made even safer,False,False
47.498962,works_well,,,True,False
47.499474,works_well,Super train journey Comfort,super train journey comfort,False,False
47.499023,works_well,wide modern Perrons wide and clear Perrons with our very sympathetic lecturers ;—) The roofing could be nicer.,wide modern perrons wide and clear perrons with our very sympathetic lecturers the roofing could be nicer,False,False
47.49941,works_well,"interesting design of the perron roofs The perron roofs are otherwise the same everywhere, by being different here it makes it a special station",interesting design of the perron roofs the perron roofs are otherwise the same everywhere by being different here it makes it a special station,False,False
47.499947,works_well,"Bicycle parking space Bike parking places are very important. The parking spaces could be considered and are not so safe depending on the location, as they are located directly on the road.",bicycle parking space bike parking places are very important the parking spaces could be considered and are not so safe depending on the location as they are located directly on the road,False,False
47.498436,works_well,Old Town beautiful quiet car-free old town. Invites to linger. more greening,old town beautiful quiet car free old town invites to linger more greening,False,False
,works_well,Return,return,False,False
,works_well,Train's on time.,train s on time,False,False
,works_well,Train is punctual,train is punctual,False,False
,works_well,Connecting train is waiting.,connecting train is waiting,False,False
,works_well,Just arrived on time.,just arrived on time,False,False
47.494663,works_well,Clean bus,clean bus,False,False
47.275707,works_well,there is light that you see something in the evening you need light to see always control the sources of light that they work properly evening in bus and trains,there is light that you see something in the evening you need light to see always control the sources of light that they work properly evening in bus and trains,False,False
47.27086,works_well,it is taken into account for people with limitations All must be included and have the possibility to use public transport. Respect for All People Generally in buses and trains,it is taken into account for people with limitations all must be included and have the possibility to use public transport respect for all people generally in buses and trains,False,False
47.501038,works_well,Good location Very good: drinking well nearby,good location very good drinking well nearby,False,False
47.500793,works_well,View New Underpass Helpful hint which stairs to use,view new underpass helpful hint which stairs to use,False,False
47.500977,works_well,Pleasant waiting room,pleasant waiting room,False,False
47.500916,works_well,Separate underpass,separate underpass,False,False
47.504524,works_well,"All buses are punctual. Time of the picture is 08:00, that the buses arrive with punctuality is important because most usera use the public transport to commute to work. Our jobs are dependable of the constant continuity of the buses. Even though they arrive at the estimated time the wait between buses of the same line is between 10 and 20 min, meaning that if an user doesn't catch one, the next one would be too late to get on time to the destination. Same problem applies if one bus is late and 3 buses of the same line arrive with 2 min of difference between each other. Just other bus lines in Winterthur and other cities in Switzerland, only buses though.",all buses are punctual time of the picture is 08 00 that the buses arrive with punctuality is important because most usera use the public transport to commute to work our jobs are dependable of the constant continuity of the buses even though they arrive at the estimated time the wait between buses of the same line is between 10 and 20 min meaning that if an user doesn t catch one the next one would be too late to get on time to the destination same problem applies if one bus is late and 3 buses of the same line arrive with 2 min of difference between each other just other bus lines in winterthur and other cities in switzerland only buses though,False,False
47.356964,works_well,the seats are clean I want to sit on clean seats Regular cleaning and mindfulness of passengers daily in train and bus,the seats are clean i want to sit on clean seats regular cleaning and mindfulness of passengers daily in train and bus,False,False
55.781197,works_well,,,True,False
47.55716,problem,Underpasses Old Town-Archhöfe Underpass is only useful for passers-by between the old town and Archöfe. The underpass is therefore poorly used.,underpasses old town archhöfe underpass is only useful for passers by between the old town and archöfe the underpass is therefore poorly used,False,False
,problem,Connecting train delayed.,connecting train delayed,False,False
47.397484,problem,"Traffic creating delays In the picture isn't appreciated, but is a lot of traffic in this area between two gas stations near the shooting range. Every time the bus crosses this roundabout, gets delayed due to the traffic Well the cars going in and out of the gas station and supermarkets create the delays, maybe opening another lane that facilitates the cars leaving Winterthur helps the traffic.",traffic creating delays in the picture isn t appreciated but is a lot of traffic in this area between two gas stations near the shooting range every time the bus crosses this roundabout gets delayed due to the traffic well the cars going in and out of the gas station and supermarkets create the delays maybe opening another lane that facilitates the cars leaving winterthur helps the traffic,False,False
47.501602,problem,Even more garbage on the way to the station,even more garbage on the way to the station,False,False
47.501602,problem,"Lots of garbage on the way to the station and around the station. Ungood feeling, reduction of location quality",lots of garbage on the way to the station and around the station ungood feeling reduction of location quality,False,False
47.501602,problem,Bright soils often polluted  More cleanings or other floor paint,bright soils often polluted more cleanings or other floor paint,False,False
47.501602,problem,Information panel defective It hasn't worked for months and has never been repaired Regular control and maintenance rounds,information panel defective it hasn t worked for months and has never been repaired regular control and maintenance rounds,False,False
47.501923,problem,Disabled access to the platform is very far from the shelter Disabled people must go much further down a relatively narrow platform to shelter from bad weather. I-I-I-I-I-I-I-I-I-I-I-I-I-I-I-I-I-I-I-I-I-I-I-I-I-I-I-I-I-I-I-I-I-I-I-I-I-I-I-I-I-I-I-I-I-I-I-I-I-I-I-I-I-I-I-I-I-I-I-I-I-I-I-I-I-I-I-I-I-I-I-I-I-I-I-I-I-I-I-I-I-I-I-I-I-I-I-I-I-I-I-I-I-I-I-I-I-I-I-I-I-I-I-I-I-I-I-I-I-I-I-I-I-I-I-I-I-I-I-I-I-I-I-I-I-I-I-I-I-I-I-I-I-I-I-I-I-I-I-I-I-I-I-I-I-I-I-I-I-I-I-I-I-I-I-I-I-I-I-I-I-I-I-I-I-I-I-I-I-I-I-I-I-I-I-I-I-I-I-I-I-I-I-I-I-I-I-I-I-I-I-I-I-I-I-I-I-I-I-I-I-I-I-I-I-I-I-I-I-I-I-I-I-I-I-I-I-I-I-I-I-I-I-I-I-I-I-I-I-I-I-I-I-I-I-I-I-I-I-I-I-I-I-I-I-I-I Extended the shelter to the disabled access,disabled access to the platform is very far from the shelter disabled people must go much further down a relatively narrow platform to shelter from bad weather i i i i i i i i i i i i i i i i i i i i i i i i i i i i i i i i i i i i i i i i i i i i i i i i i i i i i i i i i i i i i i i i i i i i i i i i i i i i i i i i i i i i i i i i i i i i i i i i i i i i i i i i i i i i i i i i i i i i i i i i i i i i i i i i i i i i i i i i i i i i i i i i i i i i i i i i i i i i i i i i i i i i i i i i i i i i i i i i i i i i i i i i i i i i i i i i i i i i i i i i i i i i i i i i i i i i i i i i i i i i i i i i i i i i i i i i i i i i i i i i i i i i i i i extended the shelter to the disabled access,False,False
47.501923,problem,"At level platform access directly from park The path through the park leads directly onto the platform, where trains pass regularly at relatively high speed. There is a playground nearby and children frequently play close to the station, ride bikes etc. I am Concerned about safety, as it seems that an incident could easily lead to someone landing on the tracks Build a chicane railing to ensure one cannot coincidentally get from the park into the station",at level platform access directly from park the path through the park leads directly onto the platform where trains pass regularly at relatively high speed there is a playground nearby and children frequently play close to the station ride bikes etc i am concerned about safety as it seems that an incident could easily lead to someone landing on the tracks build a chicane railing to ensure one cannot coincidentally get from the park into the station,False,False
,problem,8 minutes late on arrival. Connection train is gone.,8 minutes late on arrival connection train is gone,False,False
47.49825,problem,"Bus came late Its raining so I guess the traffic is worse than usual. But considering that bus lines are free this shouldn't be a problem I believe is just people that rush to get into a crowded bus due to the rain, that possibly delays it. Maybe larger roofs on bus stations",bus came late its raining so i guess the traffic is worse than usual but considering that bus lines are free this shouldn t be a problem i believe is just people that rush to get into a crowded bus due to the rain that possibly delays it maybe larger roofs on bus stations,False,False
47.50159,problem,"Display of non-operation Didn't know exactly where I was, when I arrived, how long the trip still goes",display of non operation didn t know exactly where i was when i arrived how long the trip still goes,False,False
47.50161,problem,Someone who hears his videos and music loudly again:(,someone who hears his videos and music loudly again,False,False
47.50161,problem,"Small luggage storage In the luggage rack has almost nothing, only very flat/slim things, everything else must be stowed under the seat or on itself",small luggage storage in the luggage rack has almost nothing only very flat slim things everything else must be stowed under the seat or on itself,False,False
47.49872,problem,"From Aadorf to Winterthur, Stöhrung an der Bahnanlage",from aadorf to winterthur stöhrung an der bahnanlage,False,False
55.781197,problem,,,True,False
47.365986,problem,"Display on screen not working, neither in- or outside Unclear if the correct train was chosen on the way to Winterthur Fix the technical problem and communicate orally",display on screen not working neither in or outside unclear if the correct train was chosen on the way to winterthur fix the technical problem and communicate orally,False,False
,problem,"Little green, lot of traffic, little alternative foot traffic  More greenry At other mainstreets",little green lot of traffic little alternative foot traffic more greenry at other mainstreets,False,False
47.497894,problem,"no trees, not a lot of green spaces",no trees not a lot of green spaces,False,False
47.49909,problem,Not clear where we can cross,not clear where we can cross,False,False
47.49915,problem,Buses and people get in the way,buses and people get in the way,False,False
47.499554,problem,busy crossing of buses and crossings for pedestrians Many buses queer the intersection and at the same time many pedestrians want to reach the station,busy crossing of buses and crossings for pedestrians many buses queer the intersection and at the same time many pedestrians want to reach the station,False,False
47.49935,problem,Buses and people,buses and people,False,False
,problem,"Lots of concrete, no green There is so much concrete and not a lot of enjoyable space More greenry Zurich Mainition",lots of concrete no green there is so much concrete and not a lot of enjoyable space more greenry zurich mainition,False,False
47.4989,problem,The lower cycling pitches are full. To lift up the bike is laborious. Many would probably put the bike next to the bike places. Offer more ground-level cycling pitches. There are double-storey bicycle parking spaces in many places. Mostly the upper floor is very little used.,the lower cycling pitches are full to lift up the bike is laborious many would probably put the bike next to the bike places offer more ground level cycling pitches there are double storey bicycle parking spaces in many places mostly the upper floor is very little used,False,False
,problem,"To much cable in the sky You cant see the beautiful trainstation because of all the cables Less cable Centeal spots like in zurich centeal, bellevue, albisriederplatz erc.",to much cable in the sky you cant see the beautiful trainstation because of all the cables less cable centeal spots like in zurich centeal bellevue albisriederplatz erc,False,False
47.49771,problem,The crossing of buses people and cars is in the early hours really chaotic You never know if you can cross safely,the crossing of buses people and cars is in the early hours really chaotic you never know if you can cross safely,False,False
47.49951,problem,"Dark non-hospitable area In the basement of the station is this non-hospitable area. Bad light, no seating, no greening or other creative elements. The tables are often stained. The area does not invite you to linger. With an upgrade, e.g. a soft renovation.",dark non hospitable area in the basement of the station is this non hospitable area bad light no seating no greening or other creative elements the tables are often stained the area does not invite you to linger with an upgrade e g a soft renovation,False,False
47.499405,problem,"Pre Information about bus departments When you arrive by train, it is difficult to get a quick overview of the departing buses. If you have little time this can be crucial Let the departures in the next 2' appear significantly larger on the screen. so you will be pointed out faster that you have to hurry and immediately see which edge the bus is driving at",pre information about bus departments when you arrive by train it is difficult to get a quick overview of the departing buses if you have little time this can be crucial let the departures in the next 2 appear significantly larger on the screen so you will be pointed out faster that you have to hurry and immediately see which edge the bus is driving at,False,False
47.498806,problem,Trucks take space Two trucks (come a third one later) were on the sidewalk and on the place. There unloaded. It has less space to walk and it doesn't feel safe. Make a place to unloed.,trucks take space two trucks come a third one later were on the sidewalk and on the place there unloaded it has less space to walk and it doesn t feel safe make a place to unloed,False,False
47.49944,problem,Taxis in th way When going to the bus station you always have to walk through these taxis. A bit dangerous and just annoying. Wrong place for them to wait. Move them to a different location!,taxis in th way when going to the bus station you always have to walk through these taxis a bit dangerous and just annoying wrong place for them to wait move them to a different location,False,False
47.49958,problem,People wait here and block the passage to the train station  Move the department board to somewhere else,people wait here and block the passage to the train station move the department board to somewhere else,False,False
,problem,"When is bad weather (raining ) it is not possible walk dry to the buses The roff can be sleeppery and it is very (""müesam"") Make a greater roof, chanting the design, it is not vedy easy to change.",when is bad weather raining it is not possible walk dry to the buses the roff can be sleeppery and it is very müesam make a greater roof chanting the design it is not vedy easy to change,False,False
47.499237,problem,"Confusing crossing Difficult crossing with buses and taxi. I see a lot of ""close"" calls here. honestly no idea",confusing crossing difficult crossing with buses and taxi i see a lot of close calls here honestly no idea,False,False
,problem,Not accurately levelboarding Not convinient Rise platforms,not accurately levelboarding not convinient rise platforms,False,False
,problem,"Taxis are in the way To get to the station you have to walk through the taxis Yes, you have to move the taxi stand",taxis are in the way to get to the station you have to walk through the taxis yes you have to move the taxi stand,False,False
47.49969,problem,Departure information is available twice. here are two departure screens and at the other entrance (city gate) there is no screen. The departures are also not visible from the bus terminal,departure information is available twice here are two departure screens and at the other entrance city gate there is no screen the departures are also not visible from the bus terminal,False,False
47.500397,problem,Door opens to customers It blocks the door and makes a lot of noise. Doors that open outside.,door opens to customers it blocks the door and makes a lot of noise doors that open outside,False,False
,problem,"Not friendly, feels not safe Due to wide lanes speeding is encouraged. Makes the road maller, make the sidewalks and bycicle path.",not friendly feels not safe due to wide lanes speeding is encouraged makes the road maller make the sidewalks and bycicle path,False,False
47.49873,problem,"No way for bikes to cross the train station, but they are working on it at the moment.",no way for bikes to cross the train station but they are working on it at the moment,False,False
,problem,Not friendly Smog. Noise. Locate out of town.,not friendly smog noise locate out of town,False,False
47.498714,problem,Bike riders loose a lot of time crossing the railway tracks as they have to walk in the subway,bike riders loose a lot of time crossing the railway tracks as they have to walk in the subway,False,False
,problem,"Weird structure, very plain. Does not upgrade the view of the street. Replace with greener things.",weird structure very plain does not upgrade the view of the street replace with greener things,False,False
47.49911,problem,"No waste separation Those who value waste separation do not like to use these buckets. Replace with separate multi-waste buckets. At small stations there is almost never waste separation. Especially pet bottles I often dispose of at stations. But if the separation is missing, I prefer to take it with me to the next big station.",no waste separation those who value waste separation do not like to use these buckets replace with separate multi waste buckets at small stations there is almost never waste separation especially pet bottles i often dispose of at stations but if the separation is missing i prefer to take it with me to the next big station,False,False
47.4993,problem,Hard to find if you are in a rush,hard to find if you are in a rush,False,False
47.498993,problem,Parking A parking lot has almost no benefit for commuters. The vehicles are not a beautiful sight. Pick up the parking lot or an underground car park.,parking a parking lot has almost no benefit for commuters the vehicles are not a beautiful sight pick up the parking lot or an underground car park,False,False
47.498867,problem,A waste mountain Such a mountain of garbage bags is ugly. Directly next to the station is Maag Recycling. The recycling area right next to the station is basically very uncomfortable. It causes noise and looks very chaotic. Maag Recycling should be relocated. The area could be used much more meaningfully.,a waste mountain such a mountain of garbage bags is ugly directly next to the station is maag recycling the recycling area right next to the station is basically very uncomfortable it causes noise and looks very chaotic maag recycling should be relocated the area could be used much more meaningfully,False,False
47.499496,problem,"No driving in underpass is often ignored by cyclists.  However, bicycles officially allow to drive slowly with notice.",no driving in underpass is often ignored by cyclists however bicycles officially allow to drive slowly with notice,False,False
47.498817,problem,All concrete Unbelievable and not welcome Paint the walls,all concrete unbelievable and not welcome paint the walls,False,False
47.500214,problem,Paint point. Hard to cross with bikes,paint point hard to cross with bikes,False,False
,problem,Sterile guide grit The underpass is nice bright but a little monotonous You could meh with colors what to do But bright colors so it's not too dark,sterile guide grit the underpass is nice bright but a little monotonous you could meh with colors what to do but bright colors so it s not too dark,False,False
47.49914,problem,No bike access? No bike access,no bike access no bike access,False,False
47.499596,problem,,,True,False
47.498962,problem,Not a nice shelter if it rains,not a nice shelter if it rains,False,False
47.49914,problem,Usless place Empty lot not nice to look at A couple of benches and trees would be nice,usless place empty lot not nice to look at a couple of benches and trees would be nice,False,False
,problem,"Relatively dark station No good lighting, even during day Open up the top with glass",relatively dark station no good lighting even during day open up the top with glass,False,False
47.49874,problem,Missing ticket machine on the back of the station. Whoever comes from this side must pass under the whole station to solve a ticket. Place ticket machine,missing ticket machine on the back of the station whoever comes from this side must pass under the whole station to solve a ticket place ticket machine,False,False
,problem,Not inviting to stay long A little dystopian old vibe Repaint and put in more bright colors,not inviting to stay long a little dystopian old vibe repaint and put in more bright colors,False,False
47.499657,problem,"It's too dark No place for long stays More glass, better lighting paint the station white",it s too dark no place for long stays more glass better lighting paint the station white,False,False
47.49957,problem,"Delay in train Onward journey, time is money",delay in train onward journey time is money,False,False
,problem,Why block the entrance on a bycicle connection Does not enhance the use of the velo station Remove the blockera,why block the entrance on a bycicle connection does not enhance the use of the velo station remove the blockera,False,False
47.499275,problem,Pollution on the tracks  Buses for pollution,pollution on the tracks buses for pollution,False,False
47.49901,problem,Bike parking entrance to narrow You can't drive directly to the parking lot Broader ascent without building such a curve,bike parking entrance to narrow you can t drive directly to the parking lot broader ascent without building such a curve,False,False
,problem,"Noone sees this peoplecrossing signal No good signaling or markings, so nobody realizes that there is a redlight potentially. Mark the ground with a streetcrossing",noone sees this peoplecrossing signal no good signaling or markings so nobody realizes that there is a redlight potentially mark the ground with a streetcrossing,False,False
47.500957,problem,"Roofing Very dark, not nice roofing. Even in daylight the station feels gloomy. Upgrade of the roofing. more light.",roofing very dark not nice roofing even in daylight the station feels gloomy upgrade of the roofing more light,False,False
47.49885,problem,No green plants Too little water Pay More Attention,no green plants too little water pay more attention,False,False
47.49752,problem,"no crossing to the other side dangerous to get to the other side, long walk to other crossings make a crossing",no crossing to the other side dangerous to get to the other side long walk to other crossings make a crossing,False,False
47.49792,problem,"What is this? Road, car park or pavement? Once got run over here Get rid of this stupid secondary road and parking spaces",what is this road car park or pavement once got run over here get rid of this stupid secondary road and parking spaces,False,False
47.497955,problem,Pedestrian crossing not clearly visible that it is also an exit pedestrians often run over red and you are not aware Create markings on the ground,pedestrian crossing not clearly visible that it is also an exit pedestrians often run over red and you are not aware create markings on the ground,False,False
47.497566,problem,Physics buildings does not fit into the cityscape New construction,physics buildings does not fit into the cityscape new construction,False,False
47.49829,problem,cars standing around Cars that are illegally standing around in the car-free old town. The cars are ugly and disturb the cityscape. Do not make the old town accessible with bollards and barrier system. Spread more controls and parking buses.,cars standing around cars that are illegally standing around in the car free old town the cars are ugly and disturb the cityscape do not make the old town accessible with bollards and barrier system spread more controls and parking buses,False,False
47.498013,problem,"People watching loud videos on their phones I just find this very annoying and often distracting. I think the other fitgers should be more respected. They could use headphones. Often used to keep children busy, and that is also often annoying and loud and disstracting. Although I understand why, it is just tiring.",people watching loud videos on their phones i just find this very annoying and often distracting i think the other fitgers should be more respected they could use headphones often used to keep children busy and that is also often annoying and loud and disstracting although i understand why it is just tiring,False,False
47.497284,problem,"Underpass Technikumstrasse It stinks, it's dark, you feel uncomfortable Better lighting, cleanliness In the Bhf underpass was well renovated",underpass technikumstrasse it stinks it s dark you feel uncomfortable better lighting cleanliness in the bhf underpass was well renovated,False,False
47.597015,problem,"Meeting buses/enthusiastics Too many buses and people cross without regulation Underpass, traffic lights, marked paths, fences No",meeting buses enthusiastics too many buses and people cross without regulation underpass traffic lights marked paths fences no,False,False
47.501495,problem,"Footpath ZHAW - Bhf. unfavorable Non-liquid green phase Zebra stripe, old town entrance unclear, is not perceived/noted by pedestrians as little car traffic into the old town. Better visible signaling, prioritization of pedestrian streams or steering of pedestrians on alternative grounds: e.g. via rear warehouse or old town. At the stop Deutweg you will experience the same if you want to go to the indoor pool.",footpath zhaw bhf unfavorable non liquid green phase zebra stripe old town entrance unclear is not perceived noted by pedestrians as little car traffic into the old town better visible signaling prioritization of pedestrian streams or steering of pedestrians on alternative grounds e g via rear warehouse or old town at the stop deutweg you will experience the same if you want to go to the indoor pool,False,False
,problem,Train delayed.,train delayed,False,False
47.482227,problem,,,True,False
