array_index,photo_id,username,category,lat,long,is_llava_imputed,enriched_text
0,dd0d1aaa-eca1-4a90-96eb-b70bacb6641b,bueelma,works_well,47.541534,8.698053,False,covered trolley bus stop with trolley bus connections and sensible lines the area is well maintained and provides a comfortable waiting space for passengers infrastructure update enhancing public transportation accessibility
1,7f62e6ce-c9f1-4835-98e6-77833cccfba7,bueelma,works_well,47.554565,8.694488,False,covered train station with tracks the s bahn provides good connections to all destinations in the weinland region offering convenient public transportation options transportation infrastructure observation highlighting reliable public transit service
2,a5425307-1419-4053-8d59-4a082f1142c5,fabribg,works_well,47.42291,8.684185,False,inclusive to parents disabled and old people the bus has a space where parents can leave the uncomfortable child carriages for old people to sit and for wheelchairs this should be strengthened inclusivity is key for people to perceive the public transport as a good way of moving around
3,1c08511a-6117-4448-95f8-38ed5f95d866,fabribg,works_well,47.42291,8.684185,False,bike lanes are respected and encouraged the user suggests increasing bike lane infrastructure particularly connecting the old town of with the hege area and creating recreational biking areas this highlights a need for improved cycling infrastructure and support for sustainable transportation options
4,004d06c7-cafc-4d73-8bf3-c2d1b261370e,fabribg,works_well,47.378227,8.537673,False,covered area for networking and public transport connections this space promotes pedestrian and public transport usage potentially reducing car dependency and transforming an industrial area into a vibrant open space with amenities like cafes bars restaurants and green areas infrastructure investment and improved bus punctuality are likely outcomes
5,9886c266-6082-41b5-9745-209443482aa9,emilie,works_well,47.501602,8.751952,False,barrier gate is up thankfully i don t have to use the bridge anymore the barrier should remain as it significantly shortens the route to the train station compared to the bridge infrastructure maintenance issue barrier gate functionality confirmed improving pedestrian access to the train station
6,2ac6377f-34ca-4065-a26e-a5edf9762c08,emilie,works_well,47.501602,8.751954,True,rainy day at a train station platform the platform is wet and reflective creating a slippery surface passengers are exposed to the elements without adequate shelter recommendations investigate and repair drainage issues to reduce water accumulation and explore options for improved weather protection on the platform such as enhanced shelter or coverings to enhance passenger safety and comfort
7,7e2282a4-8aab-4360-bdec-8def12ff5a96,emilie,works_well,47.50161,8.751953,False,large windows for landscape viewing the image depicts a train window offering expansive views of the surrounding landscape likely appealing to passengers interested in scenic travel this suggests a focus on the viewing experience provided by the train s windows
8,a66bf013-3f54-42dc-b946-23173cb9fb17,noahb,works_well,47.38898,8.507662,False,long distance train seating area with ample space the design offers comfortable seating particularly during peak hours and avoids shortening train routes enhancing passenger experience infrastructure operational improvement suggestion maintaining current train length to accommodate passenger demand
9,773c6331-5aa5-43ef-b5ef-6c8610d8ef39,fabribg,works_well,47.50247,8.764328,False,reliable and punctual bus service unaffected by rainy weather conditions operational efficiency and consistent scheduling
10,df5d92d8-e862-4648-bd03-8281674a439f,fabribg,works_well,47.499924,8.762438,False,heating works very well it got very windy rainy and cold fast outside and the busdriver immediately turned on the heating that works well
11,cdd7c221-ed60-4f44-8c8e-2b648490bd6d,fabribg,works_well,47.49579,8.741632,False,covered bus stop with clearly marked zones for passenger waiting the delineation is crucial for efficient bus exchange and passenger safety facilitating a smooth and organized transfer process this improves passenger experience and reduces potential congestion
12,f0e044e4-6385-4b98-ba23-dcca442c279f,fabribg,works_well,47.49674,8.740428,False,covered bus stop shelter with seating area buses are waiting in a designated bus stop maintaining appropriate distances between each other despite being late this reflects a cultural emphasis on order and respect for others space no further action required
13,6bd90447-2ff9-402a-b931-7de9b50bdc92,andrewdd8400,works_well,47.503014,8.767903,False,covered bus stop shelter with pedestrian crossings on both sides the pedestrian crossings provide a safe crossing point for individuals exiting the bus or accessing the stop infrastructure maintenance issue regarding pedestrian safety
14,95eff575-36bc-4bd6-b9ef-5fab0b9ee256,andrewdd8400,works_well,47.502613,8.765862,False,covered bus stop with seating area the user provided an estimated arrival time which should be maintained as is infrastructure maintenance issue affecting passenger information
15,79a856d4-ce5f-4d19-aa08-647bfa2b5fc5,noahb,works_well,47.305973,8.448873,False,seat upholstery in a train is mostly clean and in a well maintained condition sitting on dirty seat surfaces is unpleasant good cleaning is needed passenger comfort issue related to seat cleanliness
16,0ad20697-59d5-4758-8be6-f9f7b3b599cf,navin,works_well,47.497852,8.716176,False,regular bus service with good frequency and courteous staff passenger feedback indicates satisfaction with the bus route s reliability and the positive interactions with personnel
17,6794828e-3465-4c1e-960f-a9ced0691437,noahb,works_well,47.29661,8.447476,False,window cleanliness issue passengers report that windows are frequently dirty and scratched when viewing out of them highlighting the importance of maintaining clean windows both internally and externally for passenger comfort and visibility infrastructure maintenance issue affecting passenger comfort
18,75006f50-a630-4838-91e1-d18b7704ecd7,navin,works_well,47.496235,8.713979,False,concrete bus shelter with a view of green space the view from the shelter is unremarkable suggesting a lack of visual appeal or interesting surroundings for passengers waiting at the bus stop potential for improved amenity or signage to enhance the passenger experience
19,ffc38151-2794-48d7-a9f9-ed8788071fe0,emilie,works_well,47.50161,8.751913,False,here s an analysis of the image and user report formatted as requested output image interior view of a train carriage the windows reflect a city scene suggesting movement and transit user report gute schnelle verbindungen von grüze direkt nach zürich this indicates a fast and reliable connection from grüsch to zurich the report highlights the efficiency of the train service suggesting a positive user experience this could indicate a desirable route or a well functioning rail system
20,ca2eb3b3-3dfb-4d5c-bb21-3e8b1090deb2,ernst,works_well,47.490074,8.717019,False,bus stop at storchenbrücke located on a side street with limited pedestrian traffic crossing the road after taking line 4 is lengthy and dangerous for pedestrians requires pedestrian infrastructure improvements for safety and accessibility
21,f368942b-51b3-4830-9deb-383d0f4aa95b,ernst,works_well,47.49016,8.717011,False,bus stop shelter at storch bridge line 4 located on the side where passengers reside passengers require an alternative bus stop location due to the current location s inconvenience infrastructure issue affecting passenger accessibility and convenience
22,b991490b-d245-4295-bf0f-a326fef96f12,wenger,works_well,47.49872,8.7243185,False,charging station for mobile phones frequently used particularly in the evening when it is dark users appreciate the convenience of having readily available charging stations on buses infrastructure maintenance issue ensuring consistent functionality of charging stations to meet user demand
23,d51807a7-5f48-462b-b076-1d38cd002f19,wenger,works_well,47.497776,8.716852,False,covered bus stop shelter with seating area passengers are experiencing cold weather conditions due to a lack of heating leading to discomfort and potential health risks this highlights a need for infrastructure maintenance and improved passenger comfort during cold weather
24,35be8ff4-2b42-426f-84e6-e55807f6ffd0,wenger,works_well,47.50154,8.723366,True,covered train station waiting area with seating area two broken glass trash cans are present creating a potential safety hazard and impacting cleanliness recommend immediate repair or replacement of the damaged trash bins to ensure passenger safety and maintain a clean environment infrastructure maintenance issue affecting passenger safety and hygiene
25,12f63da3-c779-48bc-8cd7-817f5a0eb10c,vicente,works_well,47.348713,8.574797,False,covered train station with local trains the local train from to grüze runs on time facilitating punctual arrivals and maintaining infrastructure and operations management
26,b7ee1818-a318-4309-a963-587e9187bbe5,csd,works_well,,,True,old steam locomotive traveling along tracks in a mountainous region the train is antiquated suggesting a need for modernization recommendations invest in modern rail technology to improve transportation speed and efficiency in this challenging terrain addressing infrastructure requires upgrading to a more reliable and efficient system
27,22764211-f0d9-4320-bc23-58badf0923cc,noahb,works_well,47.499527,8.722849,False,interior shot of a train carriage the carriage appears to be quiet and spacious suggesting a comfortable passenger experience no immediate issues are apparent
28,86555786-1610-4400-b30e-9b7c09195018,noahb,works_well,47.27637,8.446775,False,covered train station platform with a passenger waiting train delays are clearly communicated allowing passengers to understand the extent of the delay and the train s position transparent and honest communication is crucial for passenger satisfaction and minimizing frustration
29,203de081-6da6-4651-ab37-4c6675041e56,noahb,works_well,47.26372,8.423975,False,public transport öv allows pets and pet owners ensure their animals behave appropriately this demonstrates a tolerant approach by the sbb swiss federal railways regarding pet policies with no pet bans implemented this highlights a positive aspect of the sbb s customer service and tolerance towards animal companions in public transit
30,2b0f9bb2-5f1a-428e-b9f9-fc57ceea03be,noahb,works_well,47.26372,8.423975,False,crowded public transport seating area passengers should maintain respect for personal space and avoid unnecessary expansion of legroom or carrying bulky items like backpacks as space is limited emphasize consideration for other passengers on public transport
31,ab37489c-c669-4a76-9cca-51a4d6a0db81,simon_meili,works_well,,,False,covered waiting area with fencing the waiting area was not crowded and the user experienced a convenient and quick connection to their office 30 minutes positive user experience with good connectivity
32,54edf37b-a554-48f5-a58a-535138f8a775,nm,works_well,,,False,covered bus shelter the bus is arriving nearly on time indicating efficient public transportation service and minimizing passenger wait times positive user experience regarding punctuality
33,1ba67aaa-8885-45d9-ab4f-ff28078224bb,nm,works_well,,,False,arrival without further delay the image depicts a crowded train station platform with passengers waiting suggesting a timely arrival there are no immediate issues indicated in the user report
34,72dd05da-273b-476e-8128-417d7f09fdf8,nm,works_well,,,False,train station platform with passengers the zug ist da train is here signage indicates the arrival of a train this suggests a busy transit hub and potential crowding infrastructure signage issue
35,a6f0fc21-00b3-46e0-aa63-ec9b19e0ac05,nm,works_well,,,False,covered train station platform with a train waiting passengers are present suggesting a scheduled or arriving train the report indicates a train anschlusszug is either waiting or has already arrived at the platform this highlights the status of the train and passenger activity at the station
36,2cff1bd8-6930-4f21-8846-4063e26e1ac0,nm,works_well,,,False,covered pedestrian walkway with tiled flooring the walkway is short and appears to be a brief route potentially causing inconvenience for pedestrians due to its limited length infrastructure improvement suggestion for enhanced accessibility and convenience
37,ffd8478b-a20d-4094-8394-06799714ffc6,miqilo,works_well,47.497894,8.729684,True,park square with paved area and building a group of people are standing on the square engaged with their phones there is a lack of seating areas suggesting a need for increased public seating to accommodate visitors and improve the overall park experience recommend adding more seating to encourage longer stays and social interaction
38,e79b1318-6f86-4e24-895c-f8ba2652771c,xolivier,works_well,,,False,public chess table providing a playful atmosphere and fostering social interaction the chess table could potentially serve as a catalyst for further urban development such as the creation of a combined play and food area enhancing public space utilization and community engagement
39,9dcdb55a-971e-44d5-b01d-72ab37c3eb30,rojan,works_well,47.4983,8.731007,False,attractive park setting serving as a popular gathering place with food stalls and events taking place this suggests a vibrant community space and potential for increased usage and event opportunities
40,bf25b9f6-5e9c-4c97-a7bc-b72ddf482ad6,miqilo,works_well,47.498528,8.725016,False,well designed bus station serving as the primary transportation hub the addition of green spaces such as trees would enhance the station s aesthetic appeal and provide a more pleasant environment for passengers landscape improvement suggestion to enhance passenger experience and improve the overall ambiance of the station
41,6fafb616-53b3-4723-b2c3-d7120d81a3f3,teri284,works_well,,,False,well designed bus station with multiple bus connections and clear information displays the layout and signage appear to be efficiently planned and executed providing passengers with seamless travel options
42,ac50afed-0dd4-4178-a502-988606879ae0,rojan,works_well,47.500385,8.7307625,False,traffic management architectural information poster over construction and maintenance the image depicts a classical building with a traffic management element and a notice board suggesting a potential issue regarding building maintenance and information dissemination related to construction or upkeep
43,f6af2856-f44e-4759-9d01-a4eaa8aaf27d,xolivier,works_well,,,False,road redesign has significantly altered the streetscape creating a calmer environment this change has resulted in a noticeable reduction in traffic flow and noise levels the redesign presents a potential infrastructure issue impacting pedestrian and traffic flow
44,96e111c4-5e9b-42e0-8f15-692a68e1b1e3,c_real,works_well,47.499687,8.723647,False,large information board with a large display the board is overwhelming and potentially confusing for passengers signage and information overload impacting passenger experience
45,b5ab3e7c-9e91-45a4-8a73-ffa475182b7e,john,works_well,47.499638,8.723671,False,hauptbahnhof
46,05e18e86-2289-413c-8a63-e658ebdad90d,philemon,works_well,47.499454,8.723809,False,covered entrance to platform 1 characterized by a large and open area multiple access points and accessible pathways are present indicating high passenger traffic and barrier free access this suggests a busy and well designed station entrance
47,4a253e01-abb9-4aa4-8e5e-6d2496ed3cbb,philemon,works_well,47.499454,8.723809,False,covered bus stop shelter with accessible platform the entrance is straightforward and flat making it barrier free this design enhances accessibility for all users infrastructure improvement for enhanced passenger experience
48,c3be7987-1ee3-4336-aa3c-851bc539a7ff,miqilo,works_well,47.499496,8.723418,False,cozy indoor hall at the main station offering a pleasant and well heated interior space contrasting with other stations this creates a comfortable environment for passengers during winter months infrastructure maintenance issue improving passenger comfort
49,c582ca9c-1224-4cf0-94d4-77d3cea3b188,rojan,works_well,47.50046,8.732921,False,interior shot of a bus with seats the bus is occupied by a passenger wearing a dark coat the overall impression is of a comfortable though possibly somewhat chilly bus interior this suggests a potential need for temperature control or investigation into passenger comfort levels
50,287060c6-a6d3-4918-8f59-73584a55f223,c_real,works_well,47.499744,8.723533,False,glass covered structure with a grid pattern providing ample natural light and effective protection from rain the design offers optimal shelter and illumination potential maintenance considerations for the glazing system should be assessed
51,319da23e-e8e2-4df1-8205-88f3865d4445,rojan,works_well,47.498184,8.738951,False,architecturally beautiful restored school building the building is old and aesthetically pleasing representing a historical architectural landmark requires maintenance and possible restoration to preserve its architectural significance
52,5bfba099-dae7-43e5-b325-9976e96b6aaf,teri284,works_well,,,False,restaurant seating area located directly at the train platform the presence of a riceup eatery allows passengers to easily observe the tracks and check train arrival times this enhances the waiting experience and provides convenient access to food options infrastructure improvement contributing to passenger convenience and comfort
53,56685ab6-4758-438a-8526-1f516c21b8f1,rojan,works_well,47.49812,8.745767,False,cyclist management is important for a continuous bicycle connection through the city further expansion of bicycle connections infrastructure improvement needed to support active transportation and promote bicycle usage within the urban area
54,52ef5e95-4b28-4ed5-bd83-c4b4a94e5363,arejou,works_well,47.498955,8.749786,False,covered platform with a ticket vending machine located directly next to the ramp to the underpass the ticket vending machine functionality is experiencing issues causing stress for passengers attempting to board trains potential for a second vending machine to mitigate downtime infrastructure maintenance issue affecting passenger flow
55,1b49ca4e-0145-4453-85a7-05721bbc1aae,rojan,works_well,47.496414,8.751983,False,ramp access to the bus stop is accessible the lowered step makes boarding and alighting easier potentially reducing waiting times accessibility improvement
56,f00c4b94-d069-4e8f-96ce-727d1e5e0f9f,rojan,works_well,47.497383,8.751247,False,industrial building with extensive graffiti artwork multiple locations within the industrial district feature this artistic installation
57,7ac4b80a-f344-4365-b849-df3a11887209,mountainpixel,works_well,47.499138,8.721843,False,covered urban space alongside the train station with seating areas offers a relaxing atmosphere for observing train departures requires maintenance to ensure continued functionality and comfort for users
58,f825ceda-bd9b-4146-85e7-3e3b8c50ba9b,c_real,works_well,47.49778,8.750919,False,concrete wall with a decorative steel mesh element the installation enhances pedestrian flow and is aesthetically pleasing suggestion for improvement incorporating greenery would further enhance the visual appeal and create a more inviting space
59,d1d6e21c-0277-4158-be65-00d3bf896f3d,rojan,works_well,47.4988,8.750682,False,newly constructed train station underpass wheelchair accessible suitable for families with strollers
60,33cb8cf0-ade7-4d5d-a403-6c2815cfa3e6,pascal,works_well,47.4993,8.72136,False,direct park and ride facility the shelter provides a covered waiting area for public transport passengers this improves accessibility and comfort for users during inclement weather infrastructure improvement suggestion for enhanced public transport experience
61,9528be5a-25b9-4321-ac6c-17e48ab2736b,c_real,works_well,47.498863,8.751258,False,mature trees significantly enhance the space adjacent to the industrial area effectively obscuring the view of the city s power plant building
62,b521c363-ab05-42be-8111-11fefe0340aa,xolivier,works_well,,,False,bright lighting in the transit space contributes to a more comfortable journey the grey surroundings lack visual interest and could benefit from the addition of colour to improve the overall ambiance and passenger experience interior design recommendation for improved transit space aesthetics
63,a012c644-d3e7-4ce6-b9e3-08c37299392f,miqilo,works_well,47.498913,8.750818,False,excellent bicycle station with seating the facility may require expansion to accommodate future residential development growth
64,be4aa360-6fac-42aa-b8be-5ff0b076abcb,rojan,works_well,47.498856,8.750981,False,well lit and wide underpass safety also at night infrastructure maintenance issue ensuring adequate lighting and continued safety measures are in place for nighttime use
65,e8c8c524-cb1f-40b7-b429-4977c5970b8d,rojan,works_well,47.499493,8.75136,False,covered bicycle parking area directly at the station with sufficient space illuminated and secure with a lockable cage to prevent long term parking lighting and security measures are in place
66,a427187c-9b38-43d7-aea2-8356b2fcb775,xolivier,works_well,,,False,well maintained station entrance with an open and inviting design indicates positive upkeep and investment in infrastructure
67,ae40c1d0-221f-4152-9559-5babcd5c1c69,mountainpixel,works_well,47.498875,8.750695,False,covered bus stop shelter with seating area the shelter appears to be in good condition providing protection from the elements infrastructure maintenance issue none identified
68,3b5a2271-0421-45ab-9676-7c7b47d3ed7d,pascal,works_well,47.500744,8.724112,True,train station with a platform and tracks the station appears deserted with ample seating available but lacks passenger presence recommend enhancing the waiting area by increasing seating options to improve passenger comfort and utilization
69,31162a1f-6d34-4a61-acd1-7ee87f75d307,rojan,works_well,47.4993,8.749814,False,new station connection with the city connecting the new districts of hege and oberwinterthur to the main station the project is being completed to finalize the entire project
70,b73ac43c-f267-404a-9baa-de3153050f9d,pascal,works_well,47.498962,8.749873,False,covered platform with signage and seating the platform is clearly marked with track indicators facilitating easy passenger navigation to their intended destination signage and platform markings enhance user experience and reduce potential confusion
71,87ff3add-97fd-4749-a8f2-e2f99bde272b,c_real,works_well,47.49888,8.750446,False,numerous trees lining the bus stop area create a pleasant and shaded environment the abundance of trees contributes to a positive pedestrian experience
72,81b98ebc-c0d5-4b5e-b377-247c2f5cdf5c,oli,works_well,,,False,platform markings are clear and easy to identify facilitating safe navigation to the correct departure edge positive feedback on platform signage and wayfinding
73,fba7cf39-6dd0-43d0-b239-460c97cda560,xolivier,works_well,,,False,refurbished station with updated design elements contributing to a revitalized aesthetic the station redesign enhances the overall station refurbishment and is incorporated into the new station rebuild project aesthetic improvement and architectural enhancement noted
74,e0a1cde3-0c65-40af-bb6d-86f667a4b0aa,xolivier,works_well,,,False,convenient transportation hub with quick connections between bus and train services good maintenance is crucial for continued operational efficiency and passenger convenience
75,80079bcb-dd16-4b2b-bf9f-d8e20ffd6039,miqilo,works_well,47.49592,8.751026,False,brightly lit underground passage with white walls the walls are illuminated with significant energy potentially creating a sterile effect to mitigate this small paintings on metal plates could be distributed along the walls for aesthetic enhancement infrastructure improvement suggestion for enhanced atmosphere and visual appeal
76,ed1891d6-dc06-472d-b346-dccbcfc82b5b,c_real,works_well,47.499207,8.751086,False,covered bicycle parking facility with a need for enhanced security and additional parking spaces the facility requires further improvements to ensure passenger safety and accommodate increased demand
77,0a1f7097-940a-4e97-bd9d-3e67d050ec11,c_real,works_well,47.49899,8.750817,False,covered bicycle parking area with sufficient capacity but nearing its limit suggestions include increasing the number of bicycle parking spaces and enhancing security measures within the bicycle storage facility
78,1da47b30-3fd7-4a6c-920c-8bf463463958,pascal,works_well,47.498962,8.749784,True,outdoor bike rack with a high density of bicycles located near a train station demand for bike parking exceeds current capacity necessitating increased bike rack provision or a larger rack to accommodate peak demand infrastructure improvement recommendation to address cyclist parking needs
79,ee5e6392-dd31-48b0-8bee-2ef009bb2eae,rojan,works_well,47.499474,8.750247,False,seating area within a train carriage the user reports a super zugfahrt super train journey indicating a comfortable and positive experience no immediate issues are identified suggesting a smooth and enjoyable trip
80,d0f31852-15b7-42dd-a32b-99efe5e7fd1e,c_real,works_well,47.499023,8.750594,False,modern wide platform with a striking design the roof covering could be improved passengers are present on the platform
81,d54ec73b-dc8a-47ac-9ac8-2c7f81fea255,miqilo,works_well,47.49941,8.749542,False,unique perron roof design at this station stands out from other stations making it a special stop infrastructure variation potentially impacting station identification and user experience
82,836cdcee-7a97-409d-b707-4b5aaa737b69,c_real,works_well,47.499947,8.726061,False,bike parking areas are very important and these bike parking areas could be considered and are not so safe since they are located directly on the street this indicates a potential safety concern regarding bicycle storage due to its proximity to traffic suggesting a need for improved security measures or alternative protected parking solutions
83,d6ee9693-fa0c-4790-be65-0bde00ed7627,c_real,works_well,47.498436,8.726901,False,historic old town beautiful quiet car free old town inviting visitors to linger increased greening would enhance the area urban planning and landscaping improvement suggestion
84,ab91f454-80d9-46f8-b79a-0d3f79f01d8a,nm,works_well,,,False,covered walkway with zebra crossing markings the image depicts a walkway with pedestrian crossings suggesting a transportation hub or public area without further context it s difficult to determine the specific issue but the presence of a walkway indicates a potential concern regarding pedestrian safety and accessibility
85,298db538-6983-4bc9-baf1-c42a7616143b,nm,works_well,,,False,covered bus station with a punctual train infrastructure maintenance issue affecting passenger comfort
86,d03343d2-97ba-439a-b8d2-a6372ea0bd4a,nm,works_well,,,False,covered train station with seating the train arrived on time indicating efficient service and adherence to the schedule operational performance observation highlighting punctual train arrivals
87,96dbd997-9d4b-4864-816f-991624aa62a4,nm,works_well,,,False,modern tram stop with a shelter the tram anschlußzug is waiting at the stop indicating a potential operational issue or delay requires investigation into the tram s arrival schedule and potential service disruptions
88,e6fff8e9-cdd7-4b96-9a42-9bd5bb6bb6bf,nm,works_well,,,False,passenger arrived on time indicates punctual arrival at the station suggesting reliable and timely service positive feedback on punctuality
89,0b572652-8771-4886-bc98-f089f6f6abf6,csd,works_well,47.494663,8.750704,False,covered bus shelter with seating area the shelter is dirty and needs cleaning cleaning issue affecting passenger comfort
90,401c5eff-04e5-4aff-b3e9-ccbb3308ab0b,noahb,works_well,47.275707,8.446482,False,covered bus shelter with seating the shelter lacks adequate lighting making it difficult to see at night regular maintenance and checks of the lighting fixtures are needed to ensure they function properly this impacts passenger safety and visibility during evening hours
91,9c64ccda-26ef-400e-9434-52cf9ea4a508,noahb,works_well,47.27086,8.440041,False,accessibility considerations for public transport are vital the design and infrastructure must be inclusive catering to individuals with disabilities and ensuring equitable access to public transportation for all this highlights the need for universal design principles and inclusive policies within the public transport system
92,31df8018-0ef5-495f-bbfd-d9905d778d76,bueelma,works_well,47.501038,8.72336,False,covered walkway with metal railings the area provides a sheltered seating space and a nearby drinking fountain overall it s a pleasant and well equipped area
93,35fad162-3040-4e2f-862c-024717d91816,bueelma,works_well,47.500793,8.723183,False,new underpass signage providing helpful guidance on which staircase to use infrastructure improvement enhancing pedestrian navigation within the station
94,bb2b34fb-6f1e-4b01-8558-4bdef4dde811,bueelma,works_well,47.500977,8.723324,False,covered waiting area with seating the user reports a pleasant waiting area experience no specific issues were identified in the user report
95,eafe9bb0-c7eb-4308-86ee-1933ce05d186,bueelma,works_well,47.500916,8.723274,False,perimeter walkway with a metal grid design the walkway appears to be a pedestrian route possibly for cyclists and requires maintenance to ensure safety and accessibility
96,93aeada6-8729-4cd6-910d-0debed362cab,fabribg,works_well,47.504524,8.771718,False,here s the output based on the provided report punctuality of bus routes is crucial for commuter reliability waiting times between consecutive buses on the same line can vary significantly with gaps of 10 20 minutes delays on one bus can cascade leading to missed connections and impacting the schedule maintaining consistent bus arrival times is vital for dependable public transport
97,00355db6-c4f3-4050-8534-cfc93011a80a,noahb,works_well,47.356964,8.448515,False,velvet upholstered seating area the seats appear clean indicating a need for regular cleaning and mindful passenger behavior to maintain cleanliness suggest implementing a scheduled cleaning program for the seating to ensure ongoing passenger comfort and hygiene
98,6d2c70b0-33a8-410a-9d4f-1ca9ffa30300,csd,works_well,,,True,laptop with visible keyboard in front of person recommend regular cleaning and maintenance to ensure optimal performance of the device device maintenance issue impacting user productivity
99,839dda4a-531d-47b3-97ec-51183fb62ea4,bueelma,problem,47.55716,8.691998,False,covered underpass connecting the old town with the archhöfe district the underpass is underutilized by pedestrians between the old town and archhöfe suggesting potential issues with accessibility or signage infrastructure maintenance issue affecting pedestrian flow
100,ce54f5c1-68c3-49ae-8e21-973bb8b14434,nm,problem,,,False,delayed train connection infrastructure maintenance issue affecting passenger flow
101,2c4d4efd-acea-4703-a6c6-e5dfc3d850ee,fabribg,problem,47.397484,8.596347,False,roundabout traffic congestion impacting bus travel heavy traffic volume between gas stations and supermarkets near the shooting range creates significant delays when buses traverse the roundabout suggested solution implementing an additional lane to facilitate exiting traffic would alleviate congestion infrastructure bottleneck affecting public transportation flow
102,161b0609-198f-4454-a27e-b79ee4407cbc,emilie,problem,47.501602,8.751954,False,paved sidewalk with litter accumulation near the train station this indicates a potential issue with waste management and cleanliness along pedestrian routes further investigation into the source of the litter and potential solutions for improved street maintenance is recommended
103,4acc68c4-6931-4b1b-847d-75076a447644,emilie,problem,47.501602,8.751953,False,litter accumulation on the way to the station and around the station negatively impacts the sense of place and reduces the quality of the location
104,2899a519-33fd-428e-8e8a-56af242c1bd3,emilie,problem,47.501602,8.751954,False,dirty tiled floor frequently contaminated with dirt requiring frequent cleaning or other floor color issues this indicates a maintenance problem with floor cleanliness and potentially a need for a more durable or stain resistant flooring material
105,d0a68919-6723-4dcc-be1c-cd44e233bf89,emilie,problem,47.501602,8.751955,False,information display is non functional for months and has never been repaired regular inspection and maintenance rounds have not addressed the issue this represents a significant infrastructure maintenance problem impacting public information access
106,b7514b81-c536-4195-be5b-c9e0093eb919,andrewdd8400,problem,47.501923,8.768215,False,covered shelter with accessibility concerns disabled access to the platform is significantly distant from the shelter requiring disabled individuals to walk a considerable distance and navigate a narrow platform to reach protection from inclement weather observations indicate disabled passengers waiting in the rain presenting an uncomfortable and potentially hazardous situation recommend extending the shelter to accommodate accessible platform access improving passenger comfort and safety
107,28b13e8c-a8d7-4a0e-b9f9-204b9c0ac652,andrewdd8400,problem,47.501923,8.768215,False,platform access from the park presents a significant safety hazard the pathway directly onto the platform combined with a nearby playground and frequent train traffic at high speed creates a high risk of accidents the lack of a chicane railing allows for unintentional access to the tracks addressing this with a chicane railing is crucial to prevent potential injuries and enhance passenger safety
108,dacaa080-adac-4ea5-9336-8d5dad0abbdc,nm,problem,,,False,covered train station platform with a delay of 8 minutes the connecting train is missing indicating a potential disruption in service infrastructure issue affecting train schedules and passenger connections
109,c1fd36c1-26ae-4e98-9d57-2c243c99063f,fabribg,problem,47.49825,8.73952,False,bus delay due to rain and rush hour congestion affecting passenger flow and potentially causing overcrowding infrastructure maintenance issue affecting passenger comfort
110,8632d98d-440a-4fd3-a9d2-c64d1724ad4c,emilie,problem,47.50159,8.752191,False,here s an output based on the provided report aiming for a descriptive and informative summary the display indicates that the system is out of service and providing inaccurate location data passengers are experiencing difficulties determining their whereabouts travel times and arrival times this suggests a critical issue with the system s functionality and navigation capabilities potentially causing confusion and disruption for users
111,df8a7931-654f-40ff-b161-49b509f5ec56,emilie,problem,47.50161,8.751913,False,covered seating area with a passenger listening to audio content the individual is observed engaging in personal audio consumption potentially disrupting the quiet environment of the transit space noise level concern impacting passenger experience
112,25d256e0-f780-4a32-a41f-cab66c15c7d0,emilie,problem,47.50161,8.751913,False,covered bus shelter with a small luggage compartment that offers very little storage space suitable only for small flat items passengers will need to store larger items under the seat or on themselves infrastructure maintenance issue impacting passenger convenience
113,9e9cf25f-779c-4e5a-b07f-94b19fdf60e0,fiona,problem,47.49872,8.863374,False,covered train station platform with seating the user reported a location aadorf nach stöhrung suggesting a potential issue with accessibility or waiting conditions at the train station infrastructure maintenance issue affecting passenger comfort
114,032d8054-0c3d-47d7-bcd8-6cace58c775a,csd,problem,,,True,old fashioned steam engine train traversing a steep mountainside with visible plumes of steam this image highlights the need for robust and regular track maintenance particularly for aging infrastructure like this to ensure passenger and operational safety further investigation into track integrity lubrication and potential wear and tear is recommended to prevent derailment risks and maintain operational efficiency
115,f1f2c7ee-4a07-4280-8455-a6f29af90935,vicente,problem,47.365986,8.549174,False,interior seating area with a non functional display screen the display is malfunctioning causing confusion regarding train identification and route selection particularly for journeys to this represents a technical issue requiring immediate attention and verbal communication to passengers to ensure accurate travel arrangements
116,9e913236-11b2-4269-a335-13a55d67acf9,teri284,problem,,,False,urban scene with heavy traffic and limited pedestrian infrastructure the area appears to be lacking green spaces and alternative walking routes prioritizing vehicular flow this creates a potentially unpleasant environment for pedestrians and highlights the need for improved urban planning to balance transportation needs with pedestrian comfort and environmental quality
117,90287b9b-0f86-40a6-b87b-969c6bfb20bb,miqilo,problem,47.497894,8.729684,False,urban plaza lacking greenery there are no trees or significant green spaces resulting in a sterile and visually unappealing environment this impacts the overall aesthetic and potentially the well being of those using the space
118,8a0ef05f-0302-473a-8190-c9cd7edee563,csd,problem,47.49909,8.72399,False,pedestrian crossing signage is unclear causing confusion for travelers attempting to safely navigate the area this represents a potential safety hazard and a need for improved wayfinding infrastructure
119,f82d95ff-d2e6-4b95-a68f-4f32a6252f77,gome,problem,47.49915,8.724024,False,covered bus stop with seating buses and pedestrians obstruct the entrance creating a bottleneck and potentially delaying passenger flow requires improved traffic management or pedestrian flow design
120,71f5cabb-8e40-4dfc-b100-3626b36a9112,c_real,problem,47.499554,8.723764,False,covered bus stop intersection with high pedestrian and bus traffic the location is congested with numerous buses crossing the intersection alongside significant pedestrian flow towards the nearby train station this creates a potential safety hazard and requires improved traffic management strategies
121,39e08d74-327f-4fbe-b619-5ee31b5aabcf,john,problem,47.49935,8.723828,False,urban street scene featuring a heavy truck and pedestrians the scene suggests a busy street location with public transportation buses and pedestrian traffic potential infrastructure maintenance or traffic management concerns could be present
122,a591bc3e-c552-4714-a814-b7f2399c098b,teri284,problem,,,False,concrete dominated urban environment excessive concrete reduces aesthetic appeal and limits available green space negatively impacting passenger experience and creating an unenjoyable environment suggest exploring options for incorporating more greenery and open spaces
123,6d90f15d-a311-495b-a69c-f84fa422b101,arejou,problem,47.4989,8.749856,False,covered bike rack with limited ground level spaces the upper bike rack is difficult to access with many cyclists likely to park alongside the rack due to a lack of accessible ground level bike parking request for increased ground level bike parking spaces
124,e6f16fd7-c4a5-4728-bfb7-80b8d2a809b6,teri284,problem,,,False,excessive overhead cabling obstructing the view of the station building reducing aesthetic appeal and potentially impacting visibility infrastructure improvement needed to minimize visual clutter
125,349d7156-85d1-488e-8bdd-fd8541e893e9,pascal,problem,47.49771,8.726784,False,crossing with high traffic volume buses pedestrians and cars during early morning hours presents a significant safety hazard the chaotic flow of vehicles and people creates an unpredictable and potentially dangerous situation for those attempting to cross the street immediate attention is required to improve pedestrian safety at this location
126,24b4ab6a-ed49-4c15-aa3d-7bbe332b39d4,c_real,problem,47.49951,8.723614,False,underground station hall with a bleak and uninviting atmosphere the area suffers from poor lighting lacks seating and greenery and tables are often dirty this space fails to encourage lingering and requires renovation for improved passenger comfort infrastructure maintenance issue affecting passenger experience
127,34dbca9c-e4b9-4540-95b0-3117df157fcb,miqilo,problem,47.499405,8.72387,False,covered bus stop with display screen passengers find it difficult to quickly get an overview of departing buses when arriving by train especially when short on time increasing the departures for the next two days significantly on the screen will help to quickly highlight the need to hurry and passengers will immediately see at which edge the bus departs signage improvement suggestion
128,41b9bddb-4841-4531-ae90-0b4d41c08729,philemon,problem,47.498806,8.724359,False,truck congestion on sidewalks impacting pedestrian safety and space multiple trucks occupying sidewalk space and unloading area creating a lack of pedestrian pathways and a perceived safety hazard recommend dedicated unloading zone or traffic management to alleviate congestion and improve pedestrian safety
129,59c4cc96-443a-4ff7-ac08-adf83388e916,mountainpixel,problem,47.49944,8.723951,False,taxis obstructing the bus station pathway creating a hazardous and inconvenient pedestrian experience recommend relocating taxi parking to a more appropriate location away from the bus station entrance
130,39d7e9e3-3374-4000-9504-3fb55eee219f,mountainpixel,problem,47.49958,8.723718,False,crowded waiting area obstructing passage to the train station passengers are blocking the walkway creating a bottleneck and hindering access to the station requires action to improve pedestrian flow and ensure accessibility
131,e04589d1-0cc0-436d-90d8-db9dcd3564f1,oli,problem,,,False,covered bus stop with a flat roof in inclement weather rain pedestrians are exposed to the elements and the roof surface can become slippery creating a safety hazard the current roof design presents challenges for accessibility and requires redesign to improve usability and safety
132,3fbd0d32-a94a-49eb-a19a-dca70bf7b5c3,mountainpixel,problem,47.499237,8.723927,False,confusing multi lane road crossing with bus and taxi traffic multiple near miss incidents have been reported indicating a significant safety hazard pedestrian navigation is difficult and the lack of clear signage contributes to the problem urgent action is needed to improve traffic flow and enhance pedestrian safety at this location
133,5791ae04-8ed4-431d-8681-fc7e1a0ab1ae,xolivier,problem,,,False,uneven boarding platform with a noticeable rise this creates an inconvenient and potentially hazardous boarding experience for passengers requires platform leveling and accessibility improvements
134,6e1d2719-8566-4e0f-99a4-3bf2defe3964,teri284,problem,,,False,taxi obstruction of sidewalk access to the bus station pedestrians are forced to walk through the taxi stand to reach the bus station indicating a need for taxi stand relocation to improve pedestrian flow and accessibility traffic congestion and accessibility issue impacting public transportation usage
135,0eb46ba4-3cc4-4b5c-b25f-03277afc382d,miqilo,problem,47.49969,8.723607,False,dual departure information displays are present at this bus stop with two departure screens and a missing screen at the stadttor entrance departure information is also not visible from the bus terminal infrastructure maintenance issue affecting passenger information access
136,304197d5-d126-4f98-90d9-f51b9c5b393e,philemon,problem,47.500397,8.730626,False,covered bus stop with seating the door is open to the public blocking the door and generating significant noise requires investigation of door mechanisms and potential noise reduction measures
137,148ab6cc-1ebd-4590-a75d-6d8f8ca6cfaf,xolivier,problem,,,False,wide lanes and speeding encourage unsafe conditions the road design contributes to a feeling of insecurity potentially necessitating wider sidewalks and bicycle paths to improve pedestrian and cyclist safety infrastructure design issue impacting road safety and user experience
138,ff6f45f7-1e93-41c2-a954-b12e21737749,john,problem,47.49873,8.750703,False,station bike crossing construction project construction work is underway to install a bike crossing at the station temporarily disrupting pedestrian flow infrastructure development project impacting station access
139,32e83019-8576-426b-970f-8bdd7ca28ef9,xolivier,problem,,,False,industrial facility emitting significant smoke and noise pollution the location is situated outside of the city center contributing to an unpleasant environmental experience for nearby residents noise and air quality concerns require investigation and potential mitigation strategies
140,76581b3d-9cf8-4a3a-b9dc-ab69b403b904,gome,problem,47.498714,8.750609,False,bike riders frequently crossing railway tracks causing delays and potential safety hazards the subway infrastructure necessitates a redesign to accommodate cyclist traffic and enhance passenger flow
141,0d0595f0-9da2-48a1-b39c-1007e8db6702,xolivier,problem,,,False,plain unappealing concrete wall with a metal fence the structure detracts from the street view and lacks aesthetic appeal recommend replacing with green landscaping to improve the visual environment
142,dc1dc5fb-5468-497c-9614-20acf691eacb,arejou,problem,47.49911,8.750984,False,covered waiting area with a metal bin there is no separate waste sorting which is undesirable for those who value waste separation replacement with multiple waste bins would be beneficial infrastructure issue impacting user experience and sustainability practices
143,204ea51e-14ca-4fe3-a143-cc7f390240cb,pascal,problem,47.4993,8.72136,False,covered bus stop shelter with seating area signage is difficult to read creating confusion for passengers in a rush wayfinding and signage improvement needed to enhance passenger experience and reduce potential delays
144,1ffabcae-5376-48f3-9843-fd3874ff57e5,c_real,problem,47.498993,8.750354,False,parked vehicle parking area the parking area is heavily utilized by commuters with a significant number of vehicles present the appearance of the vehicles is undesirable and the lack of parking spaces negatively impacts commuter convenience infrastructure needs improvement to accommodate commuter needs
145,49c78b7c-32e6-43c5-b363-929dacd6166b,c_real,problem,47.498867,8.750455,False,large accumulation of waste bags creating an unsightly visual impact next to the train station the maag recycling area adjacent to the station is perceived as chaotic and noisy causing inconvenience recommendation relocate maag recycling and explore more beneficial use of the area infrastructure aesthetics issue impacting neighborhood quality of life
146,331a9865-de2e-4631-a65a-2174431b34fa,arejou,problem,47.499496,8.751376,False,covered walkway with barriers cyclists frequently ignore the speed restriction in the underpass despite bicycles being officially permitted with a warning to proceed slowly this indicates a need for increased enforcement or clearer signage regarding cyclist behavior and traffic flow
147,baf1bc29-88d6-4385-af74-38ce32597ce6,philemon,problem,47.498817,8.750297,False,concrete shelter with a metal railing the shelter is visually unappealing due to the concrete finish and lacks painted wall decorations this represents a potential aesthetic improvement opportunity
148,d333af5a-af57-4543-8c31-f4fdb4d008fa,john,problem,47.500214,8.7514,False,pedestrian bridge with metal railings the surface is covered in debris and difficult to navigate with bicycles posing a safety hazard requires cleaning and potential surface improvements for cyclist accessibility
149,3e3eb5db-d5d7-460b-a15b-f8a93f85ef1f,teri284,problem,,,False,well lit tunnel with light gray concrete walls and horizontal reflective stripes while aesthetically pleasing due to its brightness the tunnel lacks color and vibrancy creating a somewhat monotonous atmosphere recommendations for enhancing the space include incorporating lighter colors to prevent excessive darkness infrastructure aesthetic improvement suggestion
150,ffab36ea-fff5-429e-80b8-eb9498d7e292,mountainpixel,problem,47.49914,8.749893,False,covered bus stop shelter with no bicycle access the design prohibits bicycle access potentially limiting the convenience of cyclists utilizing the stop accessibility issue impacting user choice
151,0b3fdb01-b8e8-4b31-a719-6c21eca941d8,rojan,problem,47.499596,8.723112,True,station platform with multiple trains present the platform is currently empty with lights emanating from the trains recommendations ensure all trains are fully operational and prepared for departure before passenger boarding commences maintain a clean and well lit station environment
152,1a6c890b-80c7-476b-bdfb-f03f94a06c5b,pascal,problem,47.498962,8.749784,False,covered bus shelter with seating area the shelter offers minimal protection from rain creating an uncomfortable waiting experience for passengers requires improved weather protection for passenger comfort
153,f023e50f-1d9b-4dfe-a44f-7ac1a3a0d173,mountainpixel,problem,47.49914,8.749893,False,empty lot with a bus shelter benches and scattered trees the area lacks aesthetic appeal and would benefit from landscaping improvements such as additional trees or green space to enhance its visual quality and create a more pleasant waiting environment for passengers
154,41f3197d-2414-4057-954e-002ce9c05310,xolivier,problem,,,False,covered station platform with a metal framework roof the station suffers from inadequate natural lighting due to the dark roof structure recommend incorporating glass panels into the roof to improve illumination and enhance passenger comfort infrastructure improvement suggestion impacting lighting and user experience
155,40ba6014-b718-4d6a-9e7d-83b32a6f2ebe,arejou,problem,47.49874,8.750626,False,covered entrance area with a missing ticket machine at the rear of the station passengers arriving from this side must navigate under the entire station to purchase a ticket requires installation of a ticket machine infrastructure maintenance issue impacting passenger access and convenience
156,1fb62b5f-dd2b-4cfc-9ede-3ab9b35a6cab,xolivier,problem,,,False,covered bus stop shelter with a slightly dated and unsettling aesthetic the atmosphere is uninviting characterized by a dystopian feel recommendations include repainting with brighter colours to improve passenger appeal and create a more welcoming environment infrastructure improvement project addressing aesthetics and passenger experience
157,f709262e-947c-492e-a4f8-61d7a8988a29,rojan,problem,47.499657,8.722663,False,covered station platform with a dark atmosphere passengers report that it is too dark and unsuitable for long stays requesting improved lighting and a repaint of the station walls this highlights an issue with inadequate illumination impacting user experience and safety on the platform
158,059bdbfc-4448-41df-9713-863d9b3454e9,rojan,problem,47.49957,8.723072,False,covered waiting area with a clock delayed train travel time is lost money infrastructure delay impacting passenger schedules and potential financial losses
159,278bc7ec-aaca-4302-a503-55466deab987,xolivier,problem,,,False,bike access blocked at the velo station this impedes bicycle traffic and discourages the use of the velo station remove the obstruction to improve bicycle flow and promote velo station utilization
160,1ee6eb52-d2bf-4b76-a200-a5d91c2d59f6,rojan,problem,47.499275,8.722636,False,covered platform with tracks tracks are dirty with debris impacting the overall cleanliness and potentially creating a safety hazard infrastructure maintenance issue affecting platform cleanliness and safety
161,e9bf7333-b95b-49c6-87a0-220f9b2f32b7,rojan,problem,47.49901,8.722964,False,covered bicycle parking entrance the entrance is too narrow preventing direct access to the parking area a wider curved entrance should be constructed to eliminate the sharp turn infrastructure design issue impacting accessibility and usability
162,5a20efdf-4c2c-488f-86fc-d99edcfd1a6e,xolivier,problem,,,False,pedestrian crossing signal obscured and lacking clear markings the absence of visible signage and ground markings creates a hazardous situation for pedestrians as they may not realize a red light is present requires improved signage and or ground markings to enhance pedestrian safety and visibility at this intersection
163,2982bea9-10ed-4a5b-b08a-f00bcd582ee5,c_real,problem,47.500957,8.724168,False,dark unattractive roofing is creating a gloomy atmosphere at the station the roofing needs to be upgraded to improve lighting and enhance the overall aesthetic appeal this issue negatively impacts passenger comfort and visual perception of the station
164,95e31343-c238-4525-ad54-8424209cc634,rojan,problem,47.49885,8.724251,False,covered bus shelter with a lack of greenery insufficient watering is causing the plants to die which detracts from the overall appearance and potentially creates a less inviting space a maintenance issue concerning plant care and aesthetics
165,6b679b6d-32cf-4078-b854-2b148446c480,mountainpixel,problem,47.49752,8.732062,False,pedestrian crossing lacking creating a hazardous situation for individuals attempting to cross the street a significant distance to the nearest crossing and a long walk to alternative crossings present a safety concern recommend immediate installation of a pedestrian crossing to mitigate risk and improve accessibility
166,b9cafa6f-5369-4d38-8e36-5397140da0d5,mountainpixel,problem,47.49792,8.729662,False,roadside parking area secondary road causing obstruction and potential hazard the user reports damage being run over and requests removal of the area due to its perceived negative impact this suggests a concern about traffic flow pedestrian safety and or the appearance of the space infrastructure improvement request
167,a168f9c5-9c72-48d1-9bc1-b8119a994e75,rojan,problem,47.497955,8.726286,False,pedestrian crossing unclear leading to frequent crossings over red lights individuals are often unaware of the markings on the ground this presents a significant safety hazard infrastructure maintenance issue affecting pedestrian safety
168,4e2706ca-d22e-45cb-ae6c-7903afe8ae66,rojan,problem,47.497566,8.728052,False,modern physics building that does not blend into the city s aesthetic representing a new construction visual incongruity raises concerns about urban planning and architectural design
169,9380b476-039b-478d-b91a-2f028a144ca0,c_real,problem,47.49829,8.72803,False,vehicles obstructing the pedestrian zone in the historic old town the vehicles are unsightly and disrupt the city s image making the old town inaccessible implement bollards and a gate system with increased controls and parking fines
170,0ebfcc4e-2461-4e4e-a959-a0561a05e75c,csd,problem,47.498013,8.73076,False,seating area within a public transport vehicle passengers are observed engaging in loud video consumption creating a distracting and potentially disruptive environment this raises concerns regarding passenger etiquette and the need for increased consideration and the use of headphones to minimize disturbance to fellow travelers addressing this issue could improve the overall passenger experience
171,cf6608d1-366c-4e43-8d95-8806258aa9c4,bueelma,problem,47.497284,8.730339,False,covered underpass on technikumstrasse the area is poorly lit dirty and has an unpleasant odor resulting in a feeling of discomfort recommendations include improved lighting and cleanliness
172,bf9eadbe-705a-41ad-96d7-3365a1245318,bueelma,problem,47.597015,8.68427,False,covered underpass intersection with bus stops high pedestrian traffic crossing without regulation leading to congestion and potential safety concerns marked pathways and fences are present suggesting an attempt to manage flow but not effectively implemented
173,74085256-b084-4881-a430-0dfe797cbc7e,bueelma,problem,47.501495,8.724452,False,pedestrian crossing with a yellow grid cover poor visibility of the zebra crossing due to traffic and pedestrian activity leading to confusion and potential safety hazards suggested improvements include enhanced signage prioritization of pedestrian flows and diverting pedestrians to alternative routes like the rear of the lagerhausstrasse or the old town infrastructure maintenance issue affecting pedestrian safety and navigation
174,6fd8b4c3-d2f4-4f66-90b8-51fd1d09a14a,nm,problem,,,False,covered train station platform with a delay the train is delayed causing passenger inconvenience and potential disruption to travel schedules infrastructure delay impacting commuter travel
175,72624c65-3aff-40af-b004-65f3078fea11,sibil,problem,47.482227,8.770192,True,smashed digital bus schedule on a bus stop screen the digital bus schedule has been smashed making it unusable for users requires repair of the broken glass and debris removal to ensure passenger safety
