array_index,photo_id,username,category,lat,long,is_llava_imputed,preprocessed_text
0,dd0d1aaa-eca1-4a90-96eb-b70bacb6641b,bueelma,works_well,47.541534,8.698053,False,trolley bus guter takt an trolleybusverbindungen und sinnvolle linien
1,7f62e6ce-c9f1-4835-98e6-77833cccfba7,bueelma,works_well,47.554565,8.694488,False,s bahn gute s bahn verbindungen in alle richtigungen guter takt ins weinland
2,a5425307-1419-4053-8d59-4a082f1142c5,fabribg,works_well,47.42291,8.684185,False,inclusive to parents disabled and old people the bus has a space where parents can leave the uncomfortable child carriages for old people to sit and for wheelchairs this should be strengthened inclusivity is key for people to perceive the public transport as a good way of moving around
3,1c08511a-6117-4448-95f8-38ed5f95d866,fabribg,works_well,47.42291,8.684185,False,bike lanes are respected bikes are one the most sustainable ways of moving it should be respected and encouraged even tho there are some bike lanes and this survey is about public transport i think bike lanes should be more supported in this grüze area it could be maybe strengthened if there were more bike lanes connecting the old town of winterthur with the hegi area and a recreational area for biking like bmx
4,004d06c7-cafc-4d73-8bf3-c2d1b261370e,fabribg,works_well,47.378227,8.537673,False,future networking opportunities close to bus lines new networking opportunities make the people want to go out more and use this area probably using more the public transport and less the car liberating the space that they need in the streets this would make the flow of buses more punctual more investments in open spaces green spaces parks cafes bars restaurants etc places where people enjoy being rather than just an industrial gray area
5,9886c266-6082-41b5-9745-209443482aa9,emilie,works_well,47.501602,8.751952,False,juhuuu die barriere ist oben zum glück muss ich nicht noch die überführung nehmen barriere weiterhin beibehalten da so der weg zum bahnhof extrem verkürzt wird im vergleich zur überführung
6,2ac6377f-34ca-4065-a26e-a5edf9762c08,emilie,works_well,47.501602,8.751954,True,topic train station description rainy day at train station how to resolve or strengthen stay dry on train platform
7,7e2282a4-8aab-4360-bdec-8def12ff5a96,emilie,works_well,47.50161,8.751953,False,grosse fenster für das landschaften beobachten
8,a66bf013-3f54-42dc-b946-23173cb9fb17,noahb,works_well,47.38898,8.507662,False,viel platz in den zügen es ist angenehm und bequem auch zu randzeiten lange züge anbieten und nicht verkürzen
9,773c6331-5aa5-43ef-b5ef-6c8610d8ef39,fabribg,works_well,47.50247,8.764328,False,on time bus arrives and departs on time even on a rainy weather
10,df5d92d8-e862-4648-bd03-8281674a439f,fabribg,works_well,47.499924,8.762438,False,heating works very well it got very windy rainy and cold fast outside and the busdriver immediately turned on the heating that works well
11,cdd7c221-ed60-4f44-8c8e-2b648490bd6d,fabribg,works_well,47.49579,8.741632,False,bus stop very well delineated its very important because the people need to know at which position to expect the bus it makes the exchange of passengers more efficient preserved respecting the position think as a passenger and spread along the lines
12,f0e044e4-6385-4b98-ba23-dcca442c279f,fabribg,works_well,47.49674,8.740428,False,buses respect their distances 3 buses waiting to leave and pick up passengers event though they are late still don t rush and respect their turns and distances i don t think it can be strengthened anymore that s swiss culture
13,6bd90447-2ff9-402a-b931-7de9b50bdc92,andrewdd8400,works_well,47.503014,8.767903,False,pedestrian crossings at both sides of bus stop you can cross safely once getting off the bus or going to the stop not changing it
14,95eff575-36bc-4bd6-b9ef-5fab0b9ee256,andrewdd8400,works_well,47.502613,8.765862,False,estimated arrival time at bus stops i can estimate an exact time of arrival keep as is
15,79a856d4-ce5f-4d19-aa08-647bfa2b5fc5,noahb,works_well,47.305973,8.448873,False,sitze sind meist sehr sauber und in gepflegtem zustand auf dreckigen sitzflächen sitzen ist unangenehm gut reinigen
16,0ad20697-59d5-4758-8be6-f9f7b3b599cf,navin,works_well,47.497852,8.716176,False,bus it s my favorite bus and it drives in a really good frequency the politeness of the staff
17,6794828e-3465-4c1e-960f-a9ced0691437,noahb,works_well,47.29661,8.447476,False,scheiben sind meist sauber und nicht verkratzt wenn man aus dem fenster schauen will sind saubere fenster wichtig fenster schön putzen von innen und aussen
18,75006f50-a630-4838-91e1-d18b7704ecd7,navin,works_well,47.496235,8.713979,False,nice view there is a nice view from the bus nothing
19,ffc38151-2794-48d7-a9f9-ed8788071fe0,emilie,works_well,47.50161,8.751913,False,gute schnelle verbindungen von grüze direkt nach zürich
20,ca2eb3b3-3dfb-4d5c-bb21-3e8b1090deb2,ernst,works_well,47.490074,8.717019,False,haltestelle storchenbrücke steht auf der seite wo niemand wohnt platz gibt es ausreichend nach dem abbiegen der linie 4 das queren der strasse ist für fussgänger langwierig und gefährlich
21,f368942b-51b3-4830-9deb-383d0f4aa95b,ernst,works_well,47.49016,8.717011,False,alternative stelle für bushaltestelle storchenbrücke linie 4 auf der seite wo die fahrgäste wohnen
22,b991490b-d245-4295-bf0f-a326fef96f12,wenger,works_well,47.49872,8.7243185,False,ladekabel station fürs handy weil man es immer brauchen kann heutzutage ist man sehr viel am handy vor allem am abend wenn es schon dunkel ist schätze ich solche stationen sehr not everytime the station is working more checking and more of that station in the bus often there are know whone or less
23,d51807a7-5f48-462b-b076-1d38cd002f19,wenger,works_well,47.497776,8.716852,False,pünktlicher bus weil ich nun pünktlich an mein ziel komme zudem ist es draussen kalt und so muss ich kocht frieren ich schätze es das der bus rechtzeitig ankommt couldnt been better just happy how it is
24,35be8ff4-2b42-426f-84e6-e55807f6ffd0,wenger,works_well,47.50154,8.723366,True,topic broken trash bins description two broken glass trash cans at a train station waiting area how to resolve or strengthen fix and replace damaged ones maintain cleanliness
25,12f63da3-c779-48bc-8cd7-817f5a0eb10c,vicente,works_well,47.348713,8.574797,False,local train s bahn from winterthur to winterthur grüze super on time allows punctual arrival to destination keep infrastructure and operations management intact
26,b7ee1818-a318-4309-a963-587e9187bbe5,csd,works_well,,,True,topic train on track description the train is an old steam locomotive moving along tracks in a mountainous area how to resolve or strengthen invest in modern rail technology for faster and more efficient transportation
27,22764211-f0d9-4320-bc23-58badf0923cc,noahb,works_well,47.499527,8.722849,False,es hat noch platz es ist sehr ruhig indem man sittliche gepflogenheiten aufrecht erhält
28,86555786-1610-4400-b30e-9b7c09195018,noahb,works_well,47.27637,8.446775,False,verspätungen werden transparent gemacht man weiss was los ist und wie viel verspätung der zug hat weiterhin gut kommunizieren und ehrlich sein
29,203de081-6da6-4651-ab37-4c6675041e56,noahb,works_well,47.26372,8.423975,False,tiere sind im öv erlaubt und tierhalter achten darauf dass sich die tiere anständig benehmen ich finde das sehr tolerant von der sbb keine tierverbote einführen
30,2b0f9bb2-5f1a-428e-b9f9-fc57ceea03be,noahb,works_well,47.26372,8.423975,False,auch wenn es mal eng wird bleiben alles respektvoll und brauchen nicht zu viel platz für beine rucksäcke etc weil der platz begrenzt ist und da muss man sich nicht unnötig breit machen auf andere gäste im öv rücksicht nehmen
31,ab37489c-c669-4a76-9cca-51a4d6a0db81,simon_meili,works_well,,,False,on time not too packed i m in the office in 30min really spontaneous with great connection everythinf was good
32,54edf37b-a554-48f5-a58a-535138f8a775,nm,works_well,,,False,zug ist fast pünktlich
33,1ba67aaa-8885-45d9-ab4f-ff28078224bb,nm,works_well,,,False,ankunft in winterthur ohne weitere verspätung
34,72dd05da-273b-476e-8128-417d7f09fdf8,nm,works_well,,,False,zug ist da
35,a6f0fc21-00b3-46e0-aa63-ec9b19e0ac05,nm,works_well,,,False,anschlusszug wartet noch bzw ist schon da
36,2cff1bd8-6930-4f21-8846-4063e26e1ac0,nm,works_well,,,False,jetzt noch ein kurzer fussweg
37,ffd8478b-a20d-4094-8394-06799714ffc6,miqilo,works_well,47.497894,8.729684,True,topic people in park description group of people standing around in park square on their phones how to resolve or strengthen provide more seating areas
38,e79b1318-6f86-4e24-895c-f8ba2652771c,xolivier,works_well,,,False,chess for everyone to play gives a playful vibe engages the people together maybe build a food court around it to combine play and food
39,9dcdb55a-971e-44d5-b01d-72ab37c3eb30,rojan,works_well,47.4983,8.731007,False,nice park treffpunkt für leute essenstände veranstaltungen
40,bf25b9f6-5e9c-4c97-a7bc-b72ddf482ad6,miqilo,works_well,47.498528,8.725016,False,well designed bus station cause its the main station more green spots like trees
41,6fafb616-53b3-4723-b2c3-d7120d81a3f3,teri284,works_well,,,False,lots of busses with lots of good connections the connections are very good planned and welle done with the informations from
42,ac50afed-0dd4-4178-a502-988606879ae0,rojan,works_well,47.500385,8.7307625,False,verkehrsführung architektur infoplakat über den bau und erhalt
43,f6af2856-f44e-4759-9d01-a4eaa8aaf27d,xolivier,works_well,,,False,design of the road makes calmer before it was a normal street mich calmer now it is new already
44,96e111c4-5e9b-42e0-8f15-692a68e1b1e3,c_real,works_well,47.499687,8.723647,False,grosse informationstafel grosse infotafel
45,b5ab3e7c-9e91-45a4-8a73-ffa475182b7e,john,works_well,47.499638,8.723671,False,work right out of the train station and then you find the bus
46,05e18e86-2289-413c-8a63-e658ebdad90d,philemon,works_well,47.499454,8.723809,False,eintritt gleis 1 ist sehr einfach und gross gleis 1 ist auf den stadt geöffnet dass heisst dass es viel eintritt gibt und die barrierenfrei sind so lassen
47,4a253e01-abb9-4aa4-8e5e-6d2496ed3cbb,philemon,works_well,47.499454,8.723809,False,good platforms die eintritt für den bus ist sehr einfach es ist flach und barrierefrei so lassen
48,c3be7987-1ee3-4336-aa3c-851bc539a7ff,miqilo,works_well,47.499496,8.723418,False,cozy indoor hall at main station im gegensatz zu anderen bahnhöfen hat winti einen gemütlichen innenraum welcher auch im winter gut geheizt ist
49,c582ca9c-1224-4cf0-94d4-77d3cea3b188,rojan,works_well,47.50046,8.732921,False,leerer bus angenehme reise
50,287060c6-a6d3-4918-8f59-73584a55f223,c_real,works_well,47.499744,8.723533,False,bedachung die bedachung ist sehr gut sie lässt viel licht durch und ist ein optimaler schutz bei regen
51,319da23e-e8e2-4df1-8205-88f3865d4445,rojan,works_well,47.498184,8.738951,False,neurestauriertes schulhaus architektonisch schönes altes gebäude
52,5bfba099-dae7-43e5-b325-9976e96b6aaf,teri284,works_well,,,False,restaurant beim bahnhof ich finde gut dass es ein riceup direkt beim perron gibt da man au das gleis schauen kann ob der zug bereits da ist oder nicht angenehm vor dem zugfahren no was zu essen
53,56685ab6-4758-438a-8526-1f516c21b8f1,rojan,works_well,47.49812,8.745767,False,gute veloführung wichtig für eine durchgehende veloverbindung durch die stadt weiterer ausbau von veloverbindungen
54,52ef5e95-4b28-4ed5-bd83-c4b4a94e5363,arejou,works_well,47.498955,8.749786,False,ticketentwerter direkt neben der rampe zur unterführung die ticketentwertung funktioniert so reibungslos selbst wenn man auf den zug stressen muss evt zweiter entwerter auf der anderen seite falls einer kaputt geht
55,1b49ca4e-0145-4453-85a7-05721bbc1aae,rojan,works_well,47.496414,8.751983,False,stufenfreier buseinstieg ein und ausstiegszeit verkleinert sich
56,f00c4b94-d069-4e8f-96ce-727d1e5e0f9f,rojan,works_well,47.497383,8.751247,False,kunst legale grafitti aufwertung industriegebäude mehrere solche orte in den industriequartieren
57,7ac4b80a-f344-4365-b849-df3a11887209,mountainpixel,works_well,47.499138,8.721843,False,super chill place on this side of the train station nice places to sit and watch the trains leave the cars out just as now
58,f825ceda-bd9b-4146-85e7-3e3b8c50ba9b,c_real,works_well,47.49778,8.750919,False,kunst sehr schönes element vor einer sehr grossen betonwand macht das vorbei gehen angenehmer die elemente könnten begrünt sein mit begrünung wäre es noch schöner
59,d1d6e21c-0277-4158-be65-00d3bf896f3d,rojan,works_well,47.4988,8.750682,False,perfekte neue bahnhofsunterführung rollstuhl velogängig familien mit kinderwagen
60,33cb8cf0-ade7-4d5d-a403-6c2815cfa3e6,pascal,works_well,47.4993,8.72136,False,direct park and ride
61,9528be5a-25b9-4321-ac6c-17e48ab2736b,c_real,works_well,47.498863,8.751258,False,grosse alte bäume diese grosse alte bäume werten den raum neben der industrie sehr positiv auf verdeckt die sicht auf das grosse industriegebäude der stadtwerke mit mehr bäumen
62,b521c363-ab05-42be-8111-11fefe0340aa,xolivier,works_well,,,False,bright lighting makes the journy more confortable add more colours to the grey sourroundings
63,a012c644-d3e7-4ce6-b9e3-08c37299392f,miqilo,works_well,47.498913,8.750818,False,tolle velostation könnte bei ausbau der wohngebiete etwas zu klein sein
64,be4aa360-6fac-42aa-b8be-5ff0b076abcb,rojan,works_well,47.498856,8.750981,False,breite gut belichtete unterführung sicherheit auch nachts
65,e8c8c524-cb1f-40b7-b429-4977c5970b8d,rojan,works_well,47.499493,8.75136,False,veloabstellplatz direkt am bahnhof genügend platz beleuchtet sicher mit dem bügel um das velo daran abzuschliessen nachschauen damit keine velos langzeit abgestellt werden
66,a427187c-9b38-43d7-aea2-8356b2fcb775,xolivier,works_well,,,False,nice entry to station open inviting good care of the infrastructure
67,ae40c1d0-221f-4152-9559-5babcd5c1c69,mountainpixel,works_well,47.498875,8.750695,False,looks good
68,3b5a2271-0421-45ab-9676-7c7b47d3ed7d,pascal,works_well,47.500744,8.724112,True,topic train station description this is the winterthur train station there are no people in sight and lots of space to sit around the platform is empty how to resolve or strengthen enhance the waiting area with more seating options for passengers
69,31162a1f-6d34-4a61-acd1-7ee87f75d307,rojan,works_well,47.4993,8.749814,False,neuer übergang super neue verbindung mit der stadt den neuen quartieren hegi und oberwinterthur bahnhofsausbau um das gesamte projekt abzuschliessen
70,b73ac43c-f267-404a-9baa-de3153050f9d,pascal,works_well,47.498962,8.749873,False,easy to find your track
71,87ff3add-97fd-4749-a8f2-e2f99bde272b,c_real,works_well,47.49888,8.750446,False,schöne bäume schöne bäume mehr bäume
72,81b98ebc-c0d5-4b5e-b377-247c2f5cdf5c,oli,works_well,,,False,die perrons sind gut gekenzeichnet es ist einfach die richtige abfahrtskante zu finden
73,fba7cf39-6dd0-43d0-b239-460c97cda560,xolivier,works_well,,,False,refreshing station design adds character to the station refurbishment includment in the new station rebuild
74,e0a1cde3-0c65-40af-bb6d-86f667a4b0aa,xolivier,works_well,,,False,nice and quick connection convenient transfer bus train in the future with good maintanance
75,80079bcb-dd16-4b2b-bf9f-d8e20ffd6039,miqilo,works_well,47.49592,8.751026,False,white walls die wissen wände sind in der unterführung sehr sinnvoll da sie mit wenig energie die unterführung sehr stark erhellen falls dies steril wirkt könnte man ganz kleine gemälde auf metallplättchen an der wand verteilen
76,ed1891d6-dc06-472d-b346-dccbcfc82b5b,c_real,works_well,47.499207,8.751086,False,veloabstellanlage überdachte veloabstellanlage die anlage könnte noch sicherer gestaltet werden und es braucht auf jedenfall mehr abstellplätze
77,0a1f7097-940a-4e97-bd9d-3e67d050ec11,c_real,works_well,47.49899,8.750817,False,veloabstellplatz ein guter überdachter veloabstellplatz es braucht mehr abstellplätze die kapazität dieser abstellanlage ist jetzt bereits fast erreicht die velo abstellanlage könnte noch sicherer gestaltet werden
78,1da47b30-3fd7-4a6c-920c-8bf463463958,pascal,works_well,47.498962,8.749784,True,topic bike rack description a large outdoor bike rack filled with bikes located near a train station how to resolve or strengthen provide more bike racks or a bigger one at busier times to accommodate demand
79,ee5e6392-dd31-48b0-8bee-2ef009bb2eae,rojan,works_well,47.499474,8.750247,False,super zugfahrt komfort
80,d0f31852-15b7-42dd-a32b-99efe5e7fd1e,c_real,works_well,47.499023,8.750594,False,breite moderne perrons breite und übersichtliche perrons mit unseren sehr sympatischen dozentin und dozenten die bedachung könnte schöner sein
81,d54ec73b-dc8a-47ac-9ac8-2c7f81fea255,miqilo,works_well,47.49941,8.749542,False,interessantes design der perrondächer die perrondächer sind sonst überall gleich indemsie hier anders sind macht es das zu einem speziellen bahnhof
82,836cdcee-7a97-409d-b707-4b5aaa737b69,c_real,works_well,47.499947,8.726061,False,veloabstellplatz veloabstellplätze sind sehr wichtig die abstellplätze könnten bedacht sein und sind je nach dem nicht so sicher da sie sich direkt an der strasse befinden
83,d6ee9693-fa0c-4790-be65-0bde00ed7627,c_real,works_well,47.498436,8.726901,False,altstadt wunderschöne ruhige autobefreite altstadt lädt zum verweilen ein mehr begrünung
84,ab91f454-80d9-46f8-b79a-0d3f79f01d8a,nm,works_well,,,False,rückweg
85,298db538-6983-4bc9-baf1-c42a7616143b,nm,works_well,,,False,zug ist pünktlich
86,d03343d2-97ba-439a-b8d2-a6372ea0bd4a,nm,works_well,,,False,zug ist pünktlich
87,96dbd997-9d4b-4864-816f-991624aa62a4,nm,works_well,,,False,anschlusszug wartet schon
88,e6fff8e9-cdd7-4b96-9a42-9bd5bb6bb6bf,nm,works_well,,,False,pünktlich angekommen
89,0b572652-8771-4886-bc98-f089f6f6abf6,csd,works_well,47.494663,8.750704,False,clean bus
90,401c5eff-04e5-4aff-b3e9-ccbb3308ab0b,noahb,works_well,47.275707,8.446482,False,es gibt licht dass man abends etwas sieht man braucht licht um zu sehen immer die lichtquellen kontrollieren dass sie einwandfrei funktionieren
91,9c64ccda-26ef-400e-9434-52cf9ea4a508,noahb,works_well,47.27086,8.440041,False,es wird auf menschen mit einschränkungen rücksicht genommen alle müssen inkludiert werden und die möglichkeit haben öv zu nutzen rücksicht nehmen auf alle menschen
92,31df8018-0ef5-495f-bbfd-d9905d778d76,bueelma,works_well,47.501038,8.72336,False,guter aufenthaltsort sehr gut trinkbrunnen in der nähe
93,35fad162-3040-4e2f-862c-024717d91816,bueelma,works_well,47.500793,8.723183,False,anzeigen neue unterführung hilfreicher hinweis welche treppe man benutzen soll
94,bb2b34fb-6f1e-4b01-8558-4bdef4dde811,bueelma,works_well,47.500977,8.723324,False,angenehmer warteraum
95,eafe9bb0-c7eb-4308-86ee-1933ce05d186,bueelma,works_well,47.500916,8.723274,False,separate velounterführung
96,93aeada6-8729-4cd6-910d-0debed362cab,fabribg,works_well,47.504524,8.771718,False,all buses are punctual time of the picture is 08 00 that the buses arrive with punctuality is important because most usera use the public transport to commute to work our jobs are dependable of the constant continuity of the buses even though they arrive at the estimated time the wait between buses of the same line is between 10 and 20 min meaning that if an user doesn t catch one the next one would be too late to get on time to the destination same problem applies if one bus is late and 3 buses of the same line arrive with 2 min of difference between eachother
97,00355db6-c4f3-4050-8534-cfc93011a80a,noahb,works_well,47.356964,8.448515,False,die sitzflächen sind sauber ich will auf sauberen sitzen sitzen regelmässige reinigung und achtsamkeit der fahrgäste
98,6d2c70b0-33a8-410a-9d4f-1ca9ffa30300,csd,works_well,,,True,topic keyboard on laptop description open laptop with keyboard visible in front of person how to resolve or strengthen regular cleaning and maintenance for optimal performance
99,839dda4a-531d-47b3-97ec-51183fb62ea4,bueelma,problem,47.55716,8.691998,False,unterführungen altstadt archhöfe unterführung ist nur für passanten zwischen altstadt und archöfe nützlich die unterführung wird daher schlecht genutzt
100,ce54f5c1-68c3-49ae-8e21-973bb8b14434,nm,problem,,,False,anschlusszug verspätet
101,2c4d4efd-acea-4703-a6c6-e5dfc3d850ee,fabribg,problem,47.397484,8.596347,False,traffic creating delays in the picture isn t appreciated but is a lot of traffic in this area between two gas stations near the shooting range every time the bus crosses this roundabout gets delayed due to the traffic well the cars going in and out of the gas station and supermarkets create the delays maybe opening another lane that facilitates the cars leaving winterthur helps the traffic
102,161b0609-198f-4454-a27e-b79ee4407cbc,emilie,problem,47.501602,8.751954,False,noch mehr müll auf dem weg zum bahnhof
103,4acc68c4-6931-4b1b-847d-75076a447644,emilie,problem,47.501602,8.751953,False,viel müll auf dem weg zum bahnhof und um den bahnhof ungutes gefühl verminderung der standortqualität
104,2899a519-33fd-428e-8e8a-56af242c1bd3,emilie,problem,47.501602,8.751954,False,helle böden oft verschmutzt mehr reinigungen oder andere bodenfarbe
105,d0a68919-6723-4dcc-be1c-cd44e233bf89,emilie,problem,47.501602,8.751955,False,informationstafel defekt seit monaten funktioniert sie nicht und wurde nie repariert regelmässige kontroll und wartungsrunden
106,b7514b81-c536-4195-be5b-c9e0093eb919,andrewdd8400,problem,47.501923,8.768215,False,disabled access to the platform is very far from the shelter disabled people must go much further down a relatively narrow platform to shelter from bad weather i ve observed disabled people waiting in the rain which is not pleasant extend the shelter to the disabled access
107,28b13e8c-a8d7-4a0e-b9f9-204b9c0ac652,andrewdd8400,problem,47.501923,8.768215,False,at level platform access directly from park the pathway through the park leads directly onto the platform where trains pass regularly at relatively high speed there is a playground nearby and children frequently play close to the station ride bikes etc i m concerned about safety as it seems that an accident could easily lead to someone landing on the tracks build a chicane railing to ensure one cannot accidentally get from the park into the station
108,dacaa080-adac-4ea5-9336-8d5dad0abbdc,nm,problem,,,False,8 minuten verspätung bei ankunft anschlusszug ist weg
109,c1fd36c1-26ae-4e98-9d57-2c243c99063f,fabribg,problem,47.49825,8.73952,False,bus came late its raining so i guess the traffic is worse than usual but considering that bus lines are free this shouldn t be a problem i believe is just people that rush to get into a crowded bus due to the rain that eventually delays it maybe larger roofs on bus stations
110,8632d98d-440a-4fd3-a9d2-c64d1724ad4c,emilie,problem,47.50159,8.752191,False,anzeige ausser betrieb wusste nicht genau wo ich bin wann ich wo ankomme wie lange die reise noch geht
111,df8a7931-654f-40ff-b161-49b509f5ec56,emilie,problem,47.50161,8.751913,False,schon wieder jemand der laut seine videos und musik hört
112,25d256e0-f780-4a32-a41f-cab66c15c7d0,emilie,problem,47.50161,8.751913,False,kleine gepäckablage in der gepäckablage hat fast nichts platz nur sehr flache schmale sachen alles andere muss unter dem sitz oder auf sich selbst verstaut werden
113,9e9cf25f-779c-4e5a-b07f-94b19fdf60e0,fiona,problem,47.49872,8.863374,False,von aadorf nach winterthur stöhrung an der bahnanlage
114,032d8054-0c3d-47d7-bcd8-6cace58c775a,csd,problem,,,True,topic train on tracks description old fashioned steam engine train climbing steep mountainside how to resolve or strengthen regular maintenance of tracks for safety
115,f1f2c7ee-4a07-4280-8455-a6f29af90935,vicente,problem,47.365986,8.549174,False,display on screen not working neither in or outside unclear if the correct train was chosen on the way to winterthur fix the technical problem and communicate orally
116,9e913236-11b2-4269-a335-13a55d67acf9,teri284,problem,,,False,wenig grün viel verkehr wenig alternative fussverkehre more greenry
117,90287b9b-0f86-40a6-b87b-969c6bfb20bb,miqilo,problem,47.497894,8.729684,False,no trees not a lot of green spaces
118,8a0ef05f-0302-473a-8190-c9cd7edee563,csd,problem,47.49909,8.72399,False,not clear where we can cross
119,f82d95ff-d2e6-4b95-a68f-4f32a6252f77,gome,problem,47.49915,8.724024,False,buses and people get in the way
120,71f5cabb-8e40-4dfc-b100-3626b36a9112,c_real,problem,47.499554,8.723764,False,viel befahrene kreuzung von bussen und querung für fussgänger innen viele busse queeren die kreuzung und gleichzeitig wollen viele fussgänger innen zum bahnhof
121,39e08d74-327f-4fbe-b619-5ee31b5aabcf,john,problem,47.49935,8.723828,False,busses and people
122,a591bc3e-c552-4714-a814-b7f2399c098b,teri284,problem,,,False,lots of concrete no green there is so much concrete and not a lot of enjoable space more greenry
123,6d90f15d-a311-495b-a69c-f84fa422b101,arejou,problem,47.4989,8.749856,False,die unteren veloplätze sind voll das velo hochzuhiefen ist mühsam viele würden das velo wahrscheinlich neben die veloplätze stellen mehr ebenerdige veloplätze anbieten
124,e6f16fd7-c4a5-4728-bfb7-80b8d2a809b6,teri284,problem,,,False,to much cable in the sky you cant see the beautyful trainstation because of all the cables less cable
125,349d7156-85d1-488e-8bdd-fd8541e893e9,pascal,problem,47.49771,8.726784,False,the crossing of buses people and cars is in the early houers really chaosmatic you never know if you can cross safely
126,24b4ab6a-ed49-4c15-aa3d-7bbe332b39d4,c_real,problem,47.49951,8.723614,False,dunkler nicht einladender aufenthaltsbereich im untergeschoss vom bahnhof befindet sich dieser nicht einladender aufenthaltsbereich schlechtes licht keine sitzmöglichkeit keine begrünnung oder sonstige kreativen elemente die tische sind oft beschmutzt der bereich lädt nicht zum verweilen ein mit einer aufwertung z b einer soft renovation
127,34dbca9c-e4b9-4540-95b0-3117df157fcb,miqilo,problem,47.499405,8.72387,False,pre information about bus departures wenn man mit dem zug ankommt ist es schwierig sich einen schnellen überblick über die abfahrenden busse zu machen wenn man wenig zeit hat kann das entscheidend sein die abfahrten in den nächsten 2 deutlich grösser auf dem screen erscheinen lassen so wird man schneller darauf hingewiesen dass man sich beeilen muss und sieht sofort an welcher kante der bus fährt
128,41b9bddb-4841-4531-ae90-0b4d41c08729,philemon,problem,47.498806,8.724359,False,trucks take space two trucks come a third one later were on the sidewalk and on the place there unloaded it has less space to walk and it doesn t feel safe make a place to unloed
129,59c4cc96-443a-4ff7-ac08-adf83388e916,mountainpixel,problem,47.49944,8.723951,False,taxis in th way when going to the bus station you always have to walk trough these taxis a bit dangerous and just annoying wrong place for them to wait move them to a different location
130,39d7e9e3-3374-4000-9504-3fb55eee219f,mountainpixel,problem,47.49958,8.723718,False,people wait here and block the passage to the train station move the departure board to somewhere else
131,e04589d1-0cc0-436d-90d8-db9dcd3564f1,oli,problem,,,False,when is bad weather raining it is not possible walk dry to the buses the roff can be sleppery and it is very müesam make a greater roof chanching the design it is not vedy easy to change
132,3fbd0d32-a94a-49eb-a19a-dca70bf7b5c3,mountainpixel,problem,47.499237,8.723927,False,confusing crossing difficult crossing with busses and taxi i see a lot of close calls here honestly no idea
133,5791ae04-8ed4-431d-8681-fc7e1a0ab1ae,xolivier,problem,,,False,not exactly levelboarding not convinient rise plattforms
134,6e1d2719-8566-4e0f-99a4-3bf2defe3964,teri284,problem,,,False,taxis sind im weg um zum bisbahnhof zu kommen muss man durch die taxis laufen ja man soll den taxistand verschieben
135,0eb46ba4-3cc4-4b5c-b25f-03277afc382d,miqilo,problem,47.49969,8.723607,False,abfahrtsinformationen sind doppelt vorhanden hier sind zwei abfahrtsbildschirme und beim anderen eingang stadttor hat es keinen bildschirm die abfahrten sind auch nicht ersichtlich vom busterminal her
136,304197d5-d126-4f98-90d9-f51b9c5b393e,philemon,problem,47.500397,8.730626,False,tür geht auf auf die kunden es blokiert das tür und macht viel lärm türen die nach draussen öffnen
137,148ab6cc-1ebd-4590-a75d-6d8f8ca6cfaf,xolivier,problem,,,False,not friendly feels not safe due to wide lanes speeding is encouraged makes the road smaller make the sidewalks and bycicle path wider
138,ff6f45f7-1e93-41c2-a954-b12e21737749,john,problem,47.49873,8.750703,False,no way for bikes to cross the the train station but they are working on it at the moment
139,32e83019-8576-426b-970f-8bdd7ca28ef9,xolivier,problem,,,False,not friendly smog noise locate out of town
140,76581b3d-9cf8-4a3a-b9dc-ab69b403b904,gome,problem,47.498714,8.750609,False,bike riders lose a lot of time crossing the railway tracks as they have to walk in the subway
141,0d0595f0-9da2-48a1-b39c-1007e8db6702,xolivier,problem,,,False,weird structure very plain does not upgrade the view of the street replace with greener things
142,dc1dc5fb-5468-497c-9614-20acf691eacb,arejou,problem,47.49911,8.750984,False,keine abfalltrennung wer wert auf abfalltrennung legt benutzt diese eimer ungerne durch getrennte mehrfachabfalleimer ersetzen
143,204ea51e-14ca-4fe3-a143-cc7f390240cb,pascal,problem,47.4993,8.72136,False,hard to find if you are in a rush
144,1ffabcae-5376-48f3-9843-fd3874ff57e5,c_real,problem,47.498993,8.750354,False,parkplatz ein parkplatz hat fast kein nutzen für pendler innen die fahrzeuge sind kein schöner anblick der parkplatz aufheben oder eine tiefgarage
145,49c78b7c-32e6-43c5-b363-929dacd6166b,c_real,problem,47.498867,8.750455,False,ein abfallberg so ein berg von abfallsäcken ist hässlich direkt neben dem bahnhof befindet sich maag recycling das recycling areal direkt neben dem bahnhof ist grundsätzlich sehr ungelegen es verursacht lärm und sieht sehr chaotisch aus maag recycling sollte verlegt werden das areal könnte viel sinnvoller genutzt werden
146,331a9865-de2e-4631-a65a-2174431b34fa,arejou,problem,47.499496,8.751376,False,fahrverbot in unterführung wird von velofahrern oft ignoriert fahrräder offiziell erlauben aber mit hinweis langsam zu fahren
147,baf1bc29-88d6-4385-af74-38ce32597ce6,philemon,problem,47.498817,8.750297,False,alles beton unschön und nicht begrüßung malen die wänden
148,d333af5a-af57-4543-8c31-f4fdb4d008fa,john,problem,47.500214,8.7514,False,paint point hard to cross with bikes
149,3e3eb5db-d5d7-460b-a15b-f8a93f85ef1f,teri284,problem,,,False,sterile unterführung grütze die unterführung ist zwar schön hell aber ein wenig eintönig man könnte meh mit farben was machen aber hellen farben damit es nicht zu dunkel ist
150,ffab36ea-fff5-429e-80b8-eb9498d7e292,mountainpixel,problem,47.49914,8.749893,False,no bike access no bike access
151,0b3fdb01-b8e8-4b31-a719-6c21eca941d8,rojan,problem,47.499596,8.723112,True,topic station with many trains description two trains are at the station the platform is empty lights from the trains are on how to resolve or strengthen make sure all trains are ready for departure before boarding begins keep the station clean and well lit
152,1a6c890b-80c7-476b-bdfb-f03f94a06c5b,pascal,problem,47.498962,8.749784,False,not a nice shelter if it rains
153,f023e50f-1d9b-4dfe-a44f-7ac1a3a0d173,mountainpixel,problem,47.49914,8.749893,False,usless place empty lot not nice to look at a couple of benches and trees would be nice
154,41f3197d-2414-4057-954e-002ce9c05310,xolivier,problem,,,False,relatively dark station no good lighting even during day open up the top with glass
155,40ba6014-b718-4d6a-9e7d-83b32a6f2ebe,arejou,problem,47.49874,8.750626,False,fehlender ticketautomat auf der rückseite des bahnhofs wer von dieser seite kommt muss unter dem ganzen bahnhof durch um ein ticket zu lösen ticketautomat platzieren
156,1fb62b5f-dd2b-4cfc-9ede-3ab9b35a6cab,xolivier,problem,,,False,not inviting to stay long a little dystopian old vibe repaint and put in more bright colours
157,f709262e-947c-492e-a4f8-61d7a8988a29,rojan,problem,47.499657,8.722663,False,es ist zu dunkel kein ort für lange aufenthalte mehr glas bessere beleuchtung den bahnhof weiss streichen
158,059bdbfc-4448-41df-9713-863d9b3454e9,rojan,problem,47.49957,8.723072,False,zugverspätung weiterreise zeit ist geld
159,278bc7ec-aaca-4302-a503-55466deab987,xolivier,problem,,,False,why block the entrance on a bycicle connection does not encourage the use of the velo station remove the blockera
160,1ee6eb52-d2bf-4b76-a200-a5d91c2d59f6,rojan,problem,47.499275,8.722636,False,verschmutzung auf den gleisen bussen für verschmutzung
161,e9bf7333-b95b-49c6-87a0-220f9b2f32b7,rojan,problem,47.49901,8.722964,False,veloparkplatzeingang zu schmal man kann nicht direkt zum abstellplatz fahren breiteren aufgang ohne so eine kurve zu bauen
162,5a20efdf-4c2c-488f-86fc-d99edcfd1a6e,xolivier,problem,,,False,noone sees this peoplecrossing signal no good signalling or markings so noone realises that there is a redlight potentially mark the ground with a streetcrossing
163,2982bea9-10ed-4a5b-b08a-f00bcd582ee5,c_real,problem,47.500957,8.724168,False,bedachung sehr dunkle nicht schöne bedachung auch bei tageslicht fühlt sich der bahnhof düster an aufwertung der bedachung mehr licht
164,95e31343-c238-4525-ad54-8424209cc634,rojan,problem,47.49885,8.724251,False,keine grünen pflanzen zu wenig wasser mehr aufmerksamkeit schenken
165,6b679b6d-32cf-4078-b854-2b148446c480,mountainpixel,problem,47.49752,8.732062,False,no crossing to the other side dangerous to get to the other side long walk to other crossings make a crossing
166,b9cafa6f-5369-4d38-8e36-5397140da0d5,mountainpixel,problem,47.49792,8.729662,False,what is this road car park or pavement once got run over here get rid of this stupid secondary road and parking spaces
167,a168f9c5-9c72-48d1-9bc1-b8119a994e75,rojan,problem,47.497955,8.726286,False,fussgängerübergang nicht klar ersichtlich das es auch eine ausfahrt ist fussgänger laufen oft über rot und es ist ihnen gar nicht bewusst markierungen am boden erstellen
168,4e2706ca-d22e-45cb-ae6c-7903afe8ae66,rojan,problem,47.497566,8.728052,False,physikgebäude passt nicht ins stadtbild neubau
169,9380b476-039b-478d-b91a-2f028a144ca0,c_real,problem,47.49829,8.72803,False,rumstehende autos autos welche unzulässig in der autofreien altstadt herum stehen die autos sind hässlich und stören das stadtbild die altstadt nicht zugänglich machen mit poller und schrankensystem mehr kontrollen und parkbussen verteilen
170,0ebfcc4e-2461-4e4e-a959-a0561a05e75c,csd,problem,47.498013,8.73076,False,people watching loud videos on their phones i just find this very annoying and often distracting i think the other passengers should be more respected they could use headphones
171,cf6608d1-366c-4e43-8d95-8806258aa9c4,bueelma,problem,47.497284,8.730339,False,unterführung technikumstrasse es stinkt es ist dunkel man fühlt sich unwohl bessere beleuchtung sauberkeit
172,bf9eadbe-705a-41ad-96d7-3365a1245318,bueelma,problem,47.597015,8.68427,False,begegnung busse zufussgehende zu viele busse und menschen kreuzen ohne regulierung unterführung ampel eingezeichnete wege zäune
173,74085256-b084-4881-a430-0dfe797cbc7e,bueelma,problem,47.501495,8.724452,False,fussführung zhaw bhf ungünstig unflüssige grünphase zebrastreifen alstadteinfahrt unklar wird von zufussgehenden nicht wahrgenommen beachtet da wenig autoverkehr in die altstadt besser sichtbare signalisierung priorisierung fussgängerströme oder lenkung der zu fussgehenden auf alternativen wegen bsp über hintere lagerhaustr oder altstadt
174,6fd8b4c3-d2f4-4f66-90b8-51fd1d09a14a,nm,problem,,,False,zug verspätet
175,72624c65-3aff-40af-b004-65f3078fea11,sibil,problem,47.482227,8.770192,True,topic broken glass on bus stop screen description the digital bus schedule has been smashed making it unusable for users how to resolve or strengthen repair the broken glass and clean up any debris to ensure passenger safety
