photo_id,user_id,date,time,lat,long,url_thumb,url_original,category,topic,description,how_resolved_strengthened,other_situations,annoying_important,easy_to_resolve_strengthen,datetime,username
dd0d1aaa-eca1-4a90-96eb-b70bacb6641b,bd27a6b8-dbad-4d1b-bd1b-ec0c7fa4d48a,10-03-2026,16:25:05,47.541534,8.698053,https://urbanbelonging.app/minio/photo-uploads-prod/1b72cf8a-d1bb-4e4a-9163-d96993379dbf-400.jpeg,https://urbanbelonging.app/minio/photo-uploads-prod/1b72cf8a-d1bb-4e4a-9163-d96993379dbf-1600.jpeg,works_well,Trolley Bus,Guter Takt an Trolleybusverbindungen und sinnvolle Linien,,,1.0,2.0,2026-03-10,bueelma
7f62e6ce-c9f1-4835-98e6-77833cccfba7,bd27a6b8-dbad-4d1b-bd1b-ec0c7fa4d48a,10-03-2026,16:25:59,47.554565,8.694488,https://urbanbelonging.app/minio/photo-uploads-prod/882a4f64-9fc1-4cba-8d80-5b4ba25cc1f3-400.jpeg,https://urbanbelonging.app/minio/photo-uploads-prod/882a4f64-9fc1-4cba-8d80-5b4ba25cc1f3-1600.jpeg,works_well,S-Bahn,"Gute S-Bahn-Verbindungen in alle Richtigungen, guter Takt ins Weinland.",,,1.0,1.0,2026-03-10,bueelma
a5425307-1419-4053-8d59-4a082f1142c5,3ca70150-c635-4492-9c37-48be77eb084b,12-03-2026,16:47:12,47.42291,8.684185,https://urbanbelonging.app/minio/photo-uploads-prod/ee3107e3-1b1a-4a60-be48-f2879e16579e-400.jpeg,https://urbanbelonging.app/minio/photo-uploads-prod/ee3107e3-1b1a-4a60-be48-f2879e16579e-1600.jpeg,works_well,"Inclusive to parents, disabled and old people","The bus has a space where parents can leave the uncomfortable child carriages, for old people to sit and for wheelchairs.","This should be strengthened, inclusivity is key for people to perceive the public transport as a good way of moving around.",In tram stations but not aa spacious as in the bus.,1.0,3.0,2026-03-12,fabribg
1c08511a-6117-4448-95f8-38ed5f95d866,3ca70150-c635-4492-9c37-48be77eb084b,12-03-2026,16:50:38,47.42291,8.684185,https://urbanbelonging.app/minio/photo-uploads-prod/0aac5951-ec16-4b4e-8627-e02ed5a1b409-400.jpeg,https://urbanbelonging.app/minio/photo-uploads-prod/0aac5951-ec16-4b4e-8627-e02ed5a1b409-1600.jpeg,works_well,Bike lanes are respected,"Bikes are one the most sustainable ways of moving, it should be respected and encouraged. Even tho there are some bike lanes and this survey is about public transport, i think bike lanes should be more supported in this Grüze area.",It could be maybe strengthened if there were more bike lanes connecting the old town of Winterthur with the Hegi area. And a recreational area for biking (like bmx),,2.0,4.0,2026-03-12,fabribg
004d06c7-cafc-4d73-8bf3-c2d1b261370e,3ca70150-c635-4492-9c37-48be77eb084b,12-03-2026,17:04:37,47.378227,8.537673,https://urbanbelonging.app/minio/photo-uploads-prod/cc31536d-5469-4c7a-b728-d99430e78a6d-400.jpeg,https://urbanbelonging.app/minio/photo-uploads-prod/cc31536d-5469-4c7a-b728-d99430e78a6d-1600.jpeg,works_well,Future networking opportunities close to bus lines,"New networking opportunities make the people want to go out more and use this area, probably using more the public transport and less the car, liberating the space that they need in the streets. This would make the flow of buses more punctual.","More investments in open spaces, green spaces, parks, cafes, bars, restaurants, etc. Places where people enjoy being, rather than just an industrial gray area.",,2.0,2.0,2026-03-12,fabribg
9886c266-6082-41b5-9745-209443482aa9,fa50b577-a1eb-4819-a7c1-931a34c4e2bc,15-03-2026,07:42:05,47.501602,8.751952,https://urbanbelonging.app/minio/photo-uploads-prod/984b76d6-a593-43f1-8199-90e4e74e5094-400.jpeg,https://urbanbelonging.app/minio/photo-uploads-prod/984b76d6-a593-43f1-8199-90e4e74e5094-1600.jpeg,works_well,"Juhuuu die Barriere ist oben, zum Glück muss ich nicht noch die Überführung nehmen.",,"Barriere weiterhin beibehalten, da so der Weg zum Bahnhof extrem verkürzt wird im Vergleich zur Überführung.",,2.0,4.0,2026-03-15,emilie
2ac6377f-34ca-4065-a26e-a5edf9762c08,fa50b577-a1eb-4819-a7c1-931a34c4e2bc,15-03-2026,07:47:26,47.501602,8.751954,https://urbanbelonging.app/minio/photo-uploads-prod/34bf0ac2-df1d-41a5-97aa-62c083496f80-400.jpeg,https://urbanbelonging.app/minio/photo-uploads-prod/34bf0ac2-df1d-41a5-97aa-62c083496f80-1600.jpeg,works_well,,,,,,,2026-03-15,emilie
7e2282a4-8aab-4360-bdec-8def12ff5a96,fa50b577-a1eb-4819-a7c1-931a34c4e2bc,15-03-2026,07:52:45,47.50161,8.751953,https://urbanbelonging.app/minio/photo-uploads-prod/db5881fa-b821-4580-ba92-52d81b5ed06c-400.jpeg,https://urbanbelonging.app/minio/photo-uploads-prod/db5881fa-b821-4580-ba92-52d81b5ed06c-1600.jpeg,works_well,Grosse Fenster für das Landschaften-Beobachten,,,,,,2026-03-15,emilie
a66bf013-3f54-42dc-b946-23173cb9fb17,1e2e7ec8-389b-4c3c-af94-9c5254a92bc5,25-03-2026,09:47:32,47.38898,8.507662,https://urbanbelonging.app/minio/photo-uploads-prod/b1f5fa04-6b2f-4974-bf8e-5996b479fc3d-400.jpeg,https://urbanbelonging.app/minio/photo-uploads-prod/b1f5fa04-6b2f-4974-bf8e-5996b479fc3d-1600.jpeg,works_well,viel Platz in den Zügen,Es ist angenehm und bequem,Auch zu Randzeiten lange Züge anbieten und nicht verkürzen,Teilweise zu Randzeiten,1.0,2.0,2026-03-25,noahb
773c6331-5aa5-43ef-b5ef-6c8610d8ef39,3ca70150-c635-4492-9c37-48be77eb084b,25-03-2026,12:37:18,47.50247,8.764328,https://urbanbelonging.app/minio/photo-uploads-prod/f5f4a448-12d1-4701-93d1-ea6cb53809df-400.jpeg,https://urbanbelonging.app/minio/photo-uploads-prod/f5f4a448-12d1-4701-93d1-ea6cb53809df-1600.jpeg,works_well,On time,Bus arrives and departs on time even on a rainy weather,,,,,2026-03-25,fabribg
df5d92d8-e862-4648-bd03-8281674a439f,3ca70150-c635-4492-9c37-48be77eb084b,25-03-2026,12:39:00,47.499924,8.762438,https://urbanbelonging.app/minio/photo-uploads-prod/3fc71f17-f96b-4242-9798-2eb97aefd059-400.jpeg,https://urbanbelonging.app/minio/photo-uploads-prod/3fc71f17-f96b-4242-9798-2eb97aefd059-1600.jpeg,works_well,Heating works very well,"It got very windy, rainy and cold fast Outside and the busdriver immediately turned on the heating, that works well",,,3.0,3.0,2026-03-25,fabribg
cdd7c221-ed60-4f44-8c8e-2b648490bd6d,3ca70150-c635-4492-9c37-48be77eb084b,25-03-2026,13:00:48,47.49579,8.741632,https://urbanbelonging.app/minio/photo-uploads-prod/4424d10b-4db4-4878-9d9d-9fd81d1d5750-400.jpeg,https://urbanbelonging.app/minio/photo-uploads-prod/4424d10b-4db4-4878-9d9d-9fd81d1d5750-1600.jpeg,works_well,Bus stop very well delineated ,Its very important because the people need to know at which position to expect the bus. It makes the exchange of passengers more efficient.,"Preserved respecting the position, think as a passenger and spread along the lines.",,3.0,3.0,2026-03-25,fabribg
f0e044e4-6385-4b98-ba23-dcca442c279f,3ca70150-c635-4492-9c37-48be77eb084b,25-03-2026,12:52:54,47.49674,8.740428,https://urbanbelonging.app/minio/photo-uploads-prod/39d1684a-82a7-4cae-8e89-92b7fdfec61f-400.jpeg,https://urbanbelonging.app/minio/photo-uploads-prod/39d1684a-82a7-4cae-8e89-92b7fdfec61f-1600.jpeg,works_well,Buses respect their distances,"3 buses waiting to leave and pick up passengers, event though they are late, still don't rush and respect their turns and distances.","I don't think it can be strengthened anymore, that's swiss culture.",,4.0,5.0,2026-03-25,fabribg
6bd90447-2ff9-402a-b931-7de9b50bdc92,0f489cda-b398-4172-a173-fd2645b61c75,26-03-2026,07:03:41,47.503014,8.767903,https://urbanbelonging.app/minio/photo-uploads-prod/60fc7373-0ce2-40be-b1a0-35ed0cb8f38d-400.jpeg,https://urbanbelonging.app/minio/photo-uploads-prod/60fc7373-0ce2-40be-b1a0-35ed0cb8f38d-1600.jpeg,works_well,Pedestrian crossings at both sides of bus stop,"You can cross safely once getting off the bus, or going to the stop",Not changing it,,3.0,5.0,2026-03-26,andrewdd8400
95eff575-36bc-4bd6-b9ef-5fab0b9ee256,0f489cda-b398-4172-a173-fd2645b61c75,26-03-2026,07:06:25,47.502613,8.765862,https://urbanbelonging.app/minio/photo-uploads-prod/51382e7f-99ff-4af4-bf02-bbbc0753ab90-400.jpeg,https://urbanbelonging.app/minio/photo-uploads-prod/51382e7f-99ff-4af4-bf02-bbbc0753ab90-1600.jpeg,works_well,Estimated arrival time at bus stops ,I can estimate an exact time of arrival,Keep as is,On trains,4.0,5.0,2026-03-26,andrewdd8400
79a856d4-ce5f-4d19-aa08-647bfa2b5fc5,1e2e7ec8-389b-4c3c-af94-9c5254a92bc5,26-03-2026,15:03:11,47.305973,8.448873,https://urbanbelonging.app/minio/photo-uploads-prod/f844beb0-c185-499c-8984-425f764785f9-400.jpeg,https://urbanbelonging.app/minio/photo-uploads-prod/f844beb0-c185-499c-8984-425f764785f9-1600.jpeg,works_well,Sitze sind meist sehr sauber und in gepflegtem Zustand,Auf dreckigen Sitzflächen sitzen ist unangenehm ,Gut reinigen,Meist in allen Zügen relativ solid,1.0,2.0,2026-03-26,noahb
0ad20697-59d5-4758-8be6-f9f7b3b599cf,d020f6f1-d773-4f59-aab0-986847608c57,26-03-2026,15:23:42,47.497852,8.716176,https://urbanbelonging.app/minio/photo-uploads-prod/82315e1c-3fc6-4714-8728-c24e03609e6c-400.jpeg,https://urbanbelonging.app/minio/photo-uploads-prod/82315e1c-3fc6-4714-8728-c24e03609e6c-1600.jpeg,works_well,Bus ,It’s my favorite bus and it drives in a really good frequency.,The politeness of the staff.,Every day ,2.0,4.0,2026-03-26,navin
6794828e-3465-4c1e-960f-a9ced0691437,1e2e7ec8-389b-4c3c-af94-9c5254a92bc5,26-03-2026,15:04:51,47.29661,8.447476,https://urbanbelonging.app/minio/photo-uploads-prod/eaf8b1a4-a705-4837-96ad-872e533dc980-400.jpeg,https://urbanbelonging.app/minio/photo-uploads-prod/eaf8b1a4-a705-4837-96ad-872e533dc980-1600.jpeg,works_well,Scheiben sind meist sauber und nicht verkratzt,"Wenn man aus dem Fenster schauen will, sind saubere Fenster wichtig.",Fenster schön putzen von innen und aussen,In den meisten Zügen,2.0,2.0,2026-03-26,noahb
75006f50-a630-4838-91e1-d18b7704ecd7,d020f6f1-d773-4f59-aab0-986847608c57,26-03-2026,15:25:08,47.496235,8.713979,https://urbanbelonging.app/minio/photo-uploads-prod/19714699-3bcb-4b5e-82ea-cabf5b223815-400.jpeg,https://urbanbelonging.app/minio/photo-uploads-prod/19714699-3bcb-4b5e-82ea-cabf5b223815-1600.jpeg,works_well,Nice view,There is a nice view from the bus.,Nothing ,Not really that’s normal in Switzerland.,3.0,2.0,2026-03-26,navin
ffc38151-2794-48d7-a9f9-ed8788071fe0,fa50b577-a1eb-4819-a7c1-931a34c4e2bc,30-03-2026,14:25:55,47.50161,8.751913,https://urbanbelonging.app/minio/photo-uploads-prod/0f33a4e0-5542-421a-8618-1757d7ac279d-400.jpeg,https://urbanbelonging.app/minio/photo-uploads-prod/0f33a4e0-5542-421a-8618-1757d7ac279d-1600.jpeg,works_well,Gute schnelle verbindungen von grüze direkt nach zürich,,,,,,2026-03-30,emilie
ca2eb3b3-3dfb-4d5c-bb21-3e8b1090deb2,5357067a-082f-4544-8ef0-d33d38670e56,31-03-2026,10:04:02,47.490074,8.717019,https://urbanbelonging.app/minio/photo-uploads-prod/64249e34-5088-4ef8-8fc8-9870308f199c-400.jpeg,https://urbanbelonging.app/minio/photo-uploads-prod/64249e34-5088-4ef8-8fc8-9870308f199c-1600.jpeg,works_well,Haltestelle Storchenbrücke steht auf der Seite wo niemand wohnt. Platz gibt es ausreichend nach dem Abbiegen der Linie 4. Das Queren der Strasse ist für Fussgänger langwierig und gefährlich.,,,,1.0,3.0,2026-03-31,ernst
f368942b-51b3-4830-9deb-383d0f4aa95b,5357067a-082f-4544-8ef0-d33d38670e56,31-03-2026,10:08:05,47.49016,8.717011,https://urbanbelonging.app/minio/photo-uploads-prod/0f33a288-733e-4837-bf25-5bd99e787998-400.jpeg,https://urbanbelonging.app/minio/photo-uploads-prod/0f33a288-733e-4837-bf25-5bd99e787998-1600.jpeg,works_well,alternative Stelle für Bushaltestelle Storchenbrücke Linie 4 auf der Seite wo die Fahrgäste wohnen.,,,,1.0,3.0,2026-03-31,ernst
b991490b-d245-4295-bf0f-a326fef96f12,aedbe82d-5cd6-4e4a-9ce1-0740f04af721,18-02-2026,10:52:43,47.49872,8.7243185,https://urbanbelonging.app/minio/photo-uploads-prod/3b87a239-1eb0-452a-8c08-a8d0bd3e4b00-400.jpeg,https://urbanbelonging.app/minio/photo-uploads-prod/3b87a239-1eb0-452a-8c08-a8d0bd3e4b00-1600.jpeg,works_well,Ladekabel station fürs handy,"Weil man es immer brauchen kann. Heutzutage ist man sehr viel am handy.
Vor allem am abend wenn es schon dunkel ist schätze ich solche stationen sehr","Not everytime the station is working
More checking
And more of that station in the bus. Often there are know whone or less","At the evening after work and low battery
I appreciate it",1.0,3.0,2026-02-18,wenger
d51807a7-5f48-462b-b076-1d38cd002f19,aedbe82d-5cd6-4e4a-9ce1-0740f04af721,18-02-2026,10:48:45,47.497776,8.716852,https://urbanbelonging.app/minio/photo-uploads-prod/2a50fc5c-975f-4186-9b00-c9130e372354-400.jpeg,https://urbanbelonging.app/minio/photo-uploads-prod/2a50fc5c-975f-4186-9b00-c9130e372354-1600.jpeg,works_well,Pünktlicher Bus,"Weil ich nun pünktlich an mein Ziel komme
Zudem ist es draussen kalt und so muss ich kocht frieren
Ich schätze es das der Bus rechtzeitig ankommt ","Couldnt been better 
Just happy how it is",Often the bus is coming at correct time,1.0,5.0,2026-02-18,wenger
35be8ff4-2b42-426f-84e6-e55807f6ffd0,aedbe82d-5cd6-4e4a-9ce1-0740f04af721,18-02-2026,11:01:54,47.50154,8.723366,https://urbanbelonging.app/minio/photo-uploads-prod/8e879d4c-2b89-417f-bff6-d48d540b768e-400.jpeg,https://urbanbelonging.app/minio/photo-uploads-prod/8e879d4c-2b89-417f-bff6-d48d540b768e-1600.jpeg,works_well,,,,,,,2026-02-18,wenger
12f63da3-c779-48bc-8cd7-817f5a0eb10c,25ce643a-b10b-464d-996a-6f41a3b85a39,19-02-2026,18:53:53,47.348713,8.574797,https://urbanbelonging.app/minio/photo-uploads-prod/4dd1a630-218a-45bf-9fac-68ad9e13009e-400.jpeg,https://urbanbelonging.app/minio/photo-uploads-prod/4dd1a630-218a-45bf-9fac-68ad9e13009e-1600.jpeg,works_well,Local train S-Bahn from Winterthur to Winterthur Grüze super on time,Allows punctual arrival to destination,Keep infrastructure and operations management intact,,1.0,2.0,2026-02-19,vicente
b7ee1818-a318-4309-a963-587e9187bbe5,b35f73ff-152a-4d66-b52a-5ac0af337c97,20-02-2026,12:20:04,55.781197,12.519927,https://urbanbelonging.app/minio/photo-uploads-prod/3ca3ce97-92a4-4bf5-b247-ce477fbce49b-400.jpeg,https://urbanbelonging.app/minio/photo-uploads-prod/3ca3ce97-92a4-4bf5-b247-ce477fbce49b-1600.jpeg,works_well,,,,,,,2026-02-20,csd
22764211-f0d9-4320-bc23-58badf0923cc,1e2e7ec8-389b-4c3c-af94-9c5254a92bc5,20-02-2026,18:40:12,47.499527,8.722849,https://urbanbelonging.app/minio/photo-uploads-prod/75da8761-10bf-47b5-ae03-977ea79ff928-400.jpeg,https://urbanbelonging.app/minio/photo-uploads-prod/75da8761-10bf-47b5-ae03-977ea79ff928-1600.jpeg,works_well,Es hat noch Platz,Es ist sehr ruhig ,Indem man sittliche Gepflogenheiten aufrecht erhält,"Meistens in den Zügen, die nicht zu voll sind",1.0,3.0,2026-02-20,noahb
86555786-1610-4400-b30e-9b7c09195018,1e2e7ec8-389b-4c3c-af94-9c5254a92bc5,21-02-2026,07:59:44,47.27637,8.446775,https://urbanbelonging.app/minio/photo-uploads-prod/b5165e19-2ab7-48dc-a64c-6d13b7c034bb-400.jpeg,https://urbanbelonging.app/minio/photo-uploads-prod/b5165e19-2ab7-48dc-a64c-6d13b7c034bb-1600.jpeg,works_well,Verspätungen werden transparent gemacht,man weiss was los ist und wie viel Verspätung der Zug hat,weiterhin gut kommunizieren und ehrlich sein,immer mal wieder im Alltag,1.0,4.0,2026-02-21,noahb
203de081-6da6-4651-ab37-4c6675041e56,1e2e7ec8-389b-4c3c-af94-9c5254a92bc5,22-02-2026,00:34:23,47.26372,8.423975,https://urbanbelonging.app/minio/photo-uploads-prod/d1dda20f-bcd5-4c61-93f0-4460bfb04926-400.jpeg,https://urbanbelonging.app/minio/photo-uploads-prod/d1dda20f-bcd5-4c61-93f0-4460bfb04926-1600.jpeg,works_well,"Tiere sind im ÖV erlaubt und Tierhalter achten darauf, dass sich die Tiere anständig benehmen",Ich finde das sehr tolerant von der SBB ,keine Tierverbote einführen,Ich sehe immer wieder Tiere im ÖV und es gab noch nie Probleme,2.0,2.0,2026-02-22,noahb
2b0f9bb2-5f1a-428e-b9f9-fc57ceea03be,1e2e7ec8-389b-4c3c-af94-9c5254a92bc5,22-02-2026,00:40:51,47.26372,8.423975,https://urbanbelonging.app/minio/photo-uploads-prod/36bd527a-2cd4-42a0-80e8-6041598ce1ac-400.jpeg,https://urbanbelonging.app/minio/photo-uploads-prod/36bd527a-2cd4-42a0-80e8-6041598ce1ac-1600.jpeg,works_well,"auch wenn es mal eng wird bleiben alles respektvoll und brauchen nicht zu viel Platz für Beine, Rucksäcke, etc ",weil der Platz begrenzt ist und da muss man sich nicht unnötig breit machen,auf andere Gäste im ÖV Rücksicht nehmen,fast täglich zu Stosszeiten,1.0,4.0,2026-02-22,noahb
ab37489c-c669-4a76-9cca-51a4d6a0db81,3cf2b008-a356-4dbb-afa9-3a21e602f640,24-02-2026,12:11:38,,,https://urbanbelonging.app/minio/photo-uploads-prod/33ab29f9-ff16-45fe-9b81-e99c054d5d44-400.jpeg,https://urbanbelonging.app/minio/photo-uploads-prod/33ab29f9-ff16-45fe-9b81-e99c054d5d44-1600.jpeg,works_well,"On Time, not too packed",I’m in the office in 30min. Really spontaneous with great connection,Everythinf was good,,1.0,1.0,2026-02-24,simon_meili
54edf37b-a554-48f5-a58a-535138f8a775,7372714e-6fd6-40b7-962e-92ea4ac2669b,26-02-2026,06:13:20,,,https://urbanbelonging.app/minio/photo-uploads-prod/c1f323a4-cda1-4e87-82de-2c6cef727ae4-400.jpeg,https://urbanbelonging.app/minio/photo-uploads-prod/c1f323a4-cda1-4e87-82de-2c6cef727ae4-1600.jpeg,works_well,Zug ist fast pünktlich ,,,,,,2026-02-26,nm
1ba67aaa-8885-45d9-ab4f-ff28078224bb,7372714e-6fd6-40b7-962e-92ea4ac2669b,26-02-2026,07:02:28,,,https://urbanbelonging.app/minio/photo-uploads-prod/482aa6f6-75d9-4f53-87b3-7e2bbd210c8c-400.jpeg,https://urbanbelonging.app/minio/photo-uploads-prod/482aa6f6-75d9-4f53-87b3-7e2bbd210c8c-1600.jpeg,works_well,Ankunft in Winterthur ohne weitere Verspätung ,,,,,,2026-02-26,nm
72dd05da-273b-476e-8128-417d7f09fdf8,7372714e-6fd6-40b7-962e-92ea4ac2669b,26-02-2026,06:14:13,,,https://urbanbelonging.app/minio/photo-uploads-prod/1acd18fa-c4d9-4b00-9aaa-9ba44233f930-400.jpeg,https://urbanbelonging.app/minio/photo-uploads-prod/1acd18fa-c4d9-4b00-9aaa-9ba44233f930-1600.jpeg,works_well,Zug ist da,,,,,,2026-02-26,nm
a6f0fc21-00b3-46e0-aa63-ec9b19e0ac05,7372714e-6fd6-40b7-962e-92ea4ac2669b,26-02-2026,06:16:34,,,https://urbanbelonging.app/minio/photo-uploads-prod/e87bfa51-f665-4410-b2a5-8c7c5e87f2e6-400.jpeg,https://urbanbelonging.app/minio/photo-uploads-prod/e87bfa51-f665-4410-b2a5-8c7c5e87f2e6-1600.jpeg,works_well,Anschlusszug wartet noch bzw. Ist schon da.,,,,,,2026-02-26,nm
2cff1bd8-6930-4f21-8846-4063e26e1ac0,7372714e-6fd6-40b7-962e-92ea4ac2669b,26-02-2026,07:04:25,,,https://urbanbelonging.app/minio/photo-uploads-prod/cac2b3d6-65c7-405b-83a2-9be98104a71a-400.jpeg,https://urbanbelonging.app/minio/photo-uploads-prod/cac2b3d6-65c7-405b-83a2-9be98104a71a-1600.jpeg,works_well,Jetzt noch ein kurzer Fussweg,,,,,,2026-02-26,nm
ffd8478b-a20d-4094-8394-06799714ffc6,4c34c8d8-b57e-4ad0-8ca3-27843cd9faf1,26-02-2026,07:56:32,47.497894,8.729684,https://urbanbelonging.app/minio/photo-uploads-prod/c8fd254c-b637-4e7f-8b01-ae29239487eb-400.jpeg,https://urbanbelonging.app/minio/photo-uploads-prod/c8fd254c-b637-4e7f-8b01-ae29239487eb-1600.jpeg,works_well,,,,,,,2026-02-26,miqilo
e79b1318-6f86-4e24-895c-f8ba2652771c,fd6fa9f7-bb7b-4522-805f-b49b80941b7d,26-02-2026,08:00:23,,,https://urbanbelonging.app/minio/photo-uploads-prod/13d1f27e-63b3-4377-bae6-85f208a4358b-400.jpeg,https://urbanbelonging.app/minio/photo-uploads-prod/13d1f27e-63b3-4377-bae6-85f208a4358b-1600.jpeg,works_well,Chess for everyone to play,"Gives a playful vibe, engages the people together.",Maybe build a food court around it to combine play and food.,Seen some chess boards in other citys in switzerland.,3.0,5.0,2026-02-26,xolivier
9dcdb55a-971e-44d5-b01d-72ab37c3eb30,160f1796-7e54-49e7-80dc-0b675516028b,26-02-2026,08:00:17,47.4983,8.731007,https://urbanbelonging.app/minio/photo-uploads-prod/1cb30012-ff6e-445e-b383-21307f85e300-400.jpeg,https://urbanbelonging.app/minio/photo-uploads-prod/1cb30012-ff6e-445e-b383-21307f85e300-1600.jpeg,works_well,Nice Park,Treffpunkt für Leute,"Essenstände, Veranstaltungen","Ein Park direkt in der Altstadt, inklusive einem Schachbrett um zu spielen",1.0,4.0,2026-02-26,rojan
bf25b9f6-5e9c-4c97-a7bc-b72ddf482ad6,4c34c8d8-b57e-4ad0-8ca3-27843cd9faf1,26-02-2026,08:06:48,47.498528,8.725016,https://urbanbelonging.app/minio/photo-uploads-prod/9dc335f2-483c-4791-b3db-47a9ab24e178-400.jpeg,https://urbanbelonging.app/minio/photo-uploads-prod/9dc335f2-483c-4791-b3db-47a9ab24e178-1600.jpeg,works_well,well designed bus station,Cause its the main Station,more green spots like trees,,1.0,1.0,2026-02-26,miqilo
6fafb616-53b3-4723-b2c3-d7120d81a3f3,3a161102-0dcd-4b81-bb0f-e9e5f419778b,26-02-2026,08:09:38,,,https://urbanbelonging.app/minio/photo-uploads-prod/cfc71c32-2679-4a2d-abb0-ad1d6cade92c-400.jpeg,https://urbanbelonging.app/minio/photo-uploads-prod/cfc71c32-2679-4a2d-abb0-ad1d6cade92c-1600.jpeg,works_well,Lots of busses with lots of good connections,The connections are very good planned and welle done with the informations from ,,,1.0,4.0,2026-02-26,teri284
ac50afed-0dd4-4178-a502-988606879ae0,160f1796-7e54-49e7-80dc-0b675516028b,26-02-2026,08:09:33,47.500385,8.7307625,https://urbanbelonging.app/minio/photo-uploads-prod/9f266218-10e9-4ccc-883a-d82b092281b0-400.jpeg,https://urbanbelonging.app/minio/photo-uploads-prod/9f266218-10e9-4ccc-883a-d82b092281b0-1600.jpeg,works_well,Verkehrsführung,Architektur,Infoplakat über den Bau und erhalt…,,2.0,5.0,2026-02-26,rojan
f6af2856-f44e-4759-9d01-a4eaa8aaf27d,fd6fa9f7-bb7b-4522-805f-b49b80941b7d,26-02-2026,08:13:31,,,https://urbanbelonging.app/minio/photo-uploads-prod/782d2ef2-63f6-42b5-b5ce-6b11243bd1f5-400.jpeg,https://urbanbelonging.app/minio/photo-uploads-prod/782d2ef2-63f6-42b5-b5ce-6b11243bd1f5-1600.jpeg,works_well,Design of the road makes calmer,"Before it was a normal street, mich calmer now.",It is new already,,4.0,5.0,2026-02-26,xolivier
96e111c4-5e9b-42e0-8f15-692a68e1b1e3,1877a8fe-1ceb-4984-889b-d4b81bc8d6a6,26-02-2026,08:19:08,47.499687,8.723647,https://urbanbelonging.app/minio/photo-uploads-prod/8329ee40-d346-49fb-9f6d-9b5e93c3aba2-400.jpeg,https://urbanbelonging.app/minio/photo-uploads-prod/8329ee40-d346-49fb-9f6d-9b5e93c3aba2-1600.jpeg,works_well,grosse Informationstafel,Grosse Infotafel.,,,3.0,3.0,2026-02-26,c_real
b5ab3e7c-9e91-45a4-8a73-ffa475182b7e,ec0f0c74-720a-4714-99b3-c40b2bbae27c,26-02-2026,08:13:17,47.499638,8.723671,https://urbanbelonging.app/minio/photo-uploads-prod/72234c8d-41ff-4695-86a2-19e203dff74a-400.jpeg,https://urbanbelonging.app/minio/photo-uploads-prod/72234c8d-41ff-4695-86a2-19e203dff74a-1600.jpeg,works_well,"Work right out of the train station, and then you find the bus",,,,1.0,5.0,2026-02-26,john
05e18e86-2289-413c-8a63-e658ebdad90d,91e2a0f6-184f-4766-85ac-d2c9112999a1,26-02-2026,08:19:02,47.499454,8.723809,https://urbanbelonging.app/minio/photo-uploads-prod/2e5105b6-10ab-4d99-bb5f-ec562eb9c250-400.jpeg,https://urbanbelonging.app/minio/photo-uploads-prod/2e5105b6-10ab-4d99-bb5f-ec562eb9c250-1600.jpeg,works_well,Eintritt Gleis 1 ist sehr einfach und gross,"Gleis 1 ist auf den Stadt geöffnet, dass heisst, dass es viel Eintritt gibt und die Barrierenfrei sind. ",So lassen,,2.0,5.0,2026-02-26,philemon
4a253e01-abb9-4aa4-8e5e-6d2496ed3cbb,91e2a0f6-184f-4766-85ac-d2c9112999a1,26-02-2026,08:14:49,47.499454,8.723809,https://urbanbelonging.app/minio/photo-uploads-prod/a0a33218-fe90-427a-af5e-b3eccad0748b-400.jpeg,https://urbanbelonging.app/minio/photo-uploads-prod/a0a33218-fe90-427a-af5e-b3eccad0748b-1600.jpeg,works_well,Good platforms,Die Eintritt für den Bus ist sehr einfach. Es ist flach und barrierefrei. ,So lassen,,3.0,5.0,2026-02-26,philemon
c3be7987-1ee3-4336-aa3c-851bc539a7ff,4c34c8d8-b57e-4ad0-8ca3-27843cd9faf1,26-02-2026,08:17:37,47.499496,8.723418,https://urbanbelonging.app/minio/photo-uploads-prod/03a168f7-3b47-4ca2-bc91-13c7b5c2f0f4-400.jpeg,https://urbanbelonging.app/minio/photo-uploads-prod/03a168f7-3b47-4ca2-bc91-13c7b5c2f0f4-1600.jpeg,works_well,cozy indoor hall at main station,im Gegensatz zu anderen Bahnhöfen hat Winti einen Gemütlichen innenraum welcher auch im Winter gut geheizt ist,,,1.0,3.0,2026-02-26,miqilo
c582ca9c-1224-4cf0-94d4-77d3cea3b188,160f1796-7e54-49e7-80dc-0b675516028b,26-02-2026,08:19:23,47.50046,8.732921,https://urbanbelonging.app/minio/photo-uploads-prod/79140f5e-e6e5-45cd-a5ab-b1c68fa771dd-400.jpeg,https://urbanbelonging.app/minio/photo-uploads-prod/79140f5e-e6e5-45cd-a5ab-b1c68fa771dd-1600.jpeg,works_well,Leerer Bus,Angenehme Reise,,,1.0,3.0,2026-02-26,rojan
287060c6-a6d3-4918-8f59-73584a55f223,1877a8fe-1ceb-4984-889b-d4b81bc8d6a6,26-02-2026,08:21:16,47.499744,8.723533,https://urbanbelonging.app/minio/photo-uploads-prod/485f3dbf-43f6-46cd-a664-7bef2c04e1dd-400.jpeg,https://urbanbelonging.app/minio/photo-uploads-prod/485f3dbf-43f6-46cd-a664-7bef2c04e1dd-1600.jpeg,works_well,Bedachung ,Die Bedachung ist sehr gut. Sie lässt viel Licht durch und ist ein optimaler Schutz bei Regen.,,,1.0,4.0,2026-02-26,c_real
319da23e-e8e2-4df1-8205-88f3865d4445,160f1796-7e54-49e7-80dc-0b675516028b,26-02-2026,08:21:59,47.498184,8.738951,https://urbanbelonging.app/minio/photo-uploads-prod/2132ddcb-571c-4a05-85a6-fd69cf9adec5-400.jpeg,https://urbanbelonging.app/minio/photo-uploads-prod/2132ddcb-571c-4a05-85a6-fd69cf9adec5-1600.jpeg,works_well,Neurestauriertes Schulhaus,Architektonisch schönes altes Gebäude,,,1.0,2.0,2026-02-26,rojan
5bfba099-dae7-43e5-b325-9976e96b6aaf,3a161102-0dcd-4b81-bb0f-e9e5f419778b,26-02-2026,08:22:54,,,https://urbanbelonging.app/minio/photo-uploads-prod/d5570cfa-3d50-49e8-91ae-131da8a8d2f5-400.jpeg,https://urbanbelonging.app/minio/photo-uploads-prod/d5570cfa-3d50-49e8-91ae-131da8a8d2f5-1600.jpeg,works_well,Restaurant beim Bahnhof,"Ich finde gut dass es ein Riceup direkt beim Perron gibt, da man au das gleis schauen kann ob der Zug bereits da ist oder nicht",Angenehm  vor dem zugfahren no was zu essen,,3.0,4.0,2026-02-26,teri284
56685ab6-4758-438a-8526-1f516c21b8f1,160f1796-7e54-49e7-80dc-0b675516028b,26-02-2026,08:23:34,47.49812,8.745767,https://urbanbelonging.app/minio/photo-uploads-prod/7649eed8-b0ed-4919-9a0f-3fa537b6e89b-400.jpeg,https://urbanbelonging.app/minio/photo-uploads-prod/7649eed8-b0ed-4919-9a0f-3fa537b6e89b-1600.jpeg,works_well,Gute Veloführung,Wichtig für eine durchgehende Veloverbindung durch die Stadt,Weiterer Ausbau von Veloverbindungen,,1.0,3.0,2026-02-26,rojan
52ef5e95-4b28-4ed5-bd83-c4b4a94e5363,a290bc9c-f987-4a64-bdf7-9d3641c7f3e6,26-02-2026,08:27:32,47.498955,8.749786,https://urbanbelonging.app/minio/photo-uploads-prod/d0114216-aef6-4908-b7c8-f2d857c01766-400.jpeg,https://urbanbelonging.app/minio/photo-uploads-prod/d0114216-aef6-4908-b7c8-f2d857c01766-1600.jpeg,works_well,Ticketentwerter direkt neben der Rampe zur Unterführung,Die Ticketentwertung funktioniert so reibungslos selbst wenn man auf den Zug stressen muss.,Evt. Zweiter Entwerter auf der anderen Seite falls einer kaputt geht.,Bei anderen Bahnhöfen muss man zum Teil ein Stück dem Perron entlanglaufen zum nächsten Entwerter. Beim Bahnhof Winterthur war auch schon einer kaputt und man musste zum nächsten gehen.,3.0,5.0,2026-02-26,arejou
1b49ca4e-0145-4453-85a7-05721bbc1aae,160f1796-7e54-49e7-80dc-0b675516028b,26-02-2026,08:26:38,47.496414,8.751983,https://urbanbelonging.app/minio/photo-uploads-prod/88f53800-5737-499b-91f5-7010129c59d4-400.jpeg,https://urbanbelonging.app/minio/photo-uploads-prod/88f53800-5737-499b-91f5-7010129c59d4-1600.jpeg,works_well,Stufenfreier Buseinstieg,Ein- und Ausstiegszeit verkleinert sich,,,1.0,3.0,2026-02-26,rojan
f00c4b94-d069-4e8f-96ce-727d1e5e0f9f,160f1796-7e54-49e7-80dc-0b675516028b,26-02-2026,08:31:51,47.497383,8.751247,https://urbanbelonging.app/minio/photo-uploads-prod/855b8eb1-4ecd-4e0e-97d5-a1165514992d-400.jpeg,https://urbanbelonging.app/minio/photo-uploads-prod/855b8eb1-4ecd-4e0e-97d5-a1165514992d-1600.jpeg,works_well,Kunst,Legale Grafitti Aufwertung Industriegebäude,Mehrere solche Orte in den Industriequartieren,,2.0,3.0,2026-02-26,rojan
7ac4b80a-f344-4365-b849-df3a11887209,22a29234-a68b-40b5-aefa-304c5be7a313,26-02-2026,08:37:15,47.499138,8.721843,https://urbanbelonging.app/minio/photo-uploads-prod/b85324e2-0fe4-4840-96a0-8df517e7a238-400.jpeg,https://urbanbelonging.app/minio/photo-uploads-prod/b85324e2-0fe4-4840-96a0-8df517e7a238-1600.jpeg,works_well,Super chill place on this side of the train station,Nice places to sit and watch the trains!,leave the cars out just as now,,2.0,5.0,2026-02-26,mountainpixel
f825ceda-bd9b-4146-85e7-3e3b8c50ba9b,1877a8fe-1ceb-4984-889b-d4b81bc8d6a6,26-02-2026,08:38:09,47.49778,8.750919,https://urbanbelonging.app/minio/photo-uploads-prod/6bc094d6-a688-4522-84ed-970729bba31a-400.jpeg,https://urbanbelonging.app/minio/photo-uploads-prod/6bc094d6-a688-4522-84ed-970729bba31a-1600.jpeg,works_well,Kunst,"sehr schönes Element vor einer sehr grossen Betonwand. Macht das vorbei gehen angenehmer. 

Die Elemente könnten begrünt sein.",Mit Begrünung wäre es noch schöner,,2.0,4.0,2026-02-26,c_real
d1d6e21c-0277-4158-be65-00d3bf896f3d,160f1796-7e54-49e7-80dc-0b675516028b,26-02-2026,08:38:47,47.4988,8.750682,https://urbanbelonging.app/minio/photo-uploads-prod/d4c244f9-4574-4b9a-8346-b249540fb31c-400.jpeg,https://urbanbelonging.app/minio/photo-uploads-prod/d4c244f9-4574-4b9a-8346-b249540fb31c-1600.jpeg,works_well,Perfekte neue Bahnhofsunterführung,"Rollstuhl, Velogängig, Familien mit Kinderwagen",,An anderen Bahnhöfen,1.0,3.0,2026-02-26,rojan
33cb8cf0-ade7-4d5d-a403-6c2815cfa3e6,5ba273cb-497d-469b-8f94-e70621ed7d8e,26-02-2026,08:38:19,47.4993,8.72136,https://urbanbelonging.app/minio/photo-uploads-prod/3ffec29d-1877-4806-8797-02f6e762ff83-400.jpeg,https://urbanbelonging.app/minio/photo-uploads-prod/3ffec29d-1877-4806-8797-02f6e762ff83-1600.jpeg,works_well,Direct Park and Ride,,,,,,2026-02-26,pascal
9528be5a-25b9-4321-ac6c-17e48ab2736b,1877a8fe-1ceb-4984-889b-d4b81bc8d6a6,26-02-2026,08:41:37,47.498863,8.751258,https://urbanbelonging.app/minio/photo-uploads-prod/836ba922-757e-4246-814b-eeaf1defed97-400.jpeg,https://urbanbelonging.app/minio/photo-uploads-prod/836ba922-757e-4246-814b-eeaf1defed97-1600.jpeg,works_well,grosse alte Bäume,Diese grosse alte Bäume werten den Raum neben der Industrie sehr positiv auf. Verdeckt die Sicht auf das grosse Industriegebäude der Stadtwerke.,Mit mehr Bäumen.,,1.0,4.0,2026-02-26,c_real
b521c363-ab05-42be-8111-11fefe0340aa,fd6fa9f7-bb7b-4522-805f-b49b80941b7d,26-02-2026,08:42:41,,,https://urbanbelonging.app/minio/photo-uploads-prod/867455e2-3357-4610-bfc1-f31d06a3213c-400.jpeg,https://urbanbelonging.app/minio/photo-uploads-prod/867455e2-3357-4610-bfc1-f31d06a3213c-1600.jpeg,works_well,Bright Lighting,Makes the journy more confortable.,Add more colours to the grey sourroundings.,,4.0,5.0,2026-02-26,xolivier
a012c644-d3e7-4ce6-b9e3-08c37299392f,4c34c8d8-b57e-4ad0-8ca3-27843cd9faf1,26-02-2026,08:44:21,47.498913,8.750818,https://urbanbelonging.app/minio/photo-uploads-prod/82d160cf-ae54-4729-9de7-3bd7a36da3b6-400.jpeg,https://urbanbelonging.app/minio/photo-uploads-prod/82d160cf-ae54-4729-9de7-3bd7a36da3b6-1600.jpeg,works_well,Tolle Velostation,,Könnte bei Ausbau der Wohngebiete etwas zu klein sein,,1.0,3.0,2026-02-26,miqilo
be4aa360-6fac-42aa-b8be-5ff0b076abcb,160f1796-7e54-49e7-80dc-0b675516028b,26-02-2026,08:42:23,47.498856,8.750981,https://urbanbelonging.app/minio/photo-uploads-prod/e7950abc-266c-4fe3-be8a-3db0cf06da85-400.jpeg,https://urbanbelonging.app/minio/photo-uploads-prod/e7950abc-266c-4fe3-be8a-3db0cf06da85-1600.jpeg,works_well,Breite gut belichtete Unterführung ,Sicherheit auch nachts,,Winterthur Hauptbahnhof neue Unterführung,1.0,2.0,2026-02-26,rojan
e8c8c524-cb1f-40b7-b429-4977c5970b8d,160f1796-7e54-49e7-80dc-0b675516028b,26-02-2026,08:45:37,47.499493,8.75136,https://urbanbelonging.app/minio/photo-uploads-prod/34e1628d-b9b3-4534-a7be-c52d79ee5572-400.jpeg,https://urbanbelonging.app/minio/photo-uploads-prod/34e1628d-b9b3-4534-a7be-c52d79ee5572-1600.jpeg,works_well,Veloabstellplatz direkt am Bahnhof,"Genügend platz, beleuchtet sicher mit dem Bügel um das Velo daran abzuschliessen","Nachschauen, damit keine Velos Langzeit abgestellt werden",Hauptbahnhof Winterthur,1.0,3.0,2026-02-26,rojan
a427187c-9b38-43d7-aea2-8356b2fcb775,fd6fa9f7-bb7b-4522-805f-b49b80941b7d,26-02-2026,08:45:59,,,https://urbanbelonging.app/minio/photo-uploads-prod/706a7f55-ebe5-41ff-80e0-eacf6eda6d99-400.jpeg,https://urbanbelonging.app/minio/photo-uploads-prod/706a7f55-ebe5-41ff-80e0-eacf6eda6d99-1600.jpeg,works_well,Nice entry to station.,"Open, inviting",Good care of the infrastructure.,,1.0,4.0,2026-02-26,xolivier
ae40c1d0-221f-4152-9559-5babcd5c1c69,22a29234-a68b-40b5-aefa-304c5be7a313,26-02-2026,08:49:22,47.498875,8.750695,https://urbanbelonging.app/minio/photo-uploads-prod/f76cc729-cd43-4b9c-a623-2d89762ee778-400.jpeg,https://urbanbelonging.app/minio/photo-uploads-prod/f76cc729-cd43-4b9c-a623-2d89762ee778-1600.jpeg,works_well,looks good ,,,,3.0,5.0,2026-02-26,mountainpixel
3b5a2271-0421-45ab-9676-7c7b47d3ed7d,5ba273cb-497d-469b-8f94-e70621ed7d8e,26-02-2026,08:50:22,47.500744,8.724112,https://urbanbelonging.app/minio/photo-uploads-prod/0cbe1cc4-068f-4053-9258-bfa1da07808a-400.jpeg,https://urbanbelonging.app/minio/photo-uploads-prod/0cbe1cc4-068f-4053-9258-bfa1da07808a-1600.jpeg,works_well,,,,,,,2026-02-26,pascal
31162a1f-6d34-4a61-acd1-7ee87f75d307,160f1796-7e54-49e7-80dc-0b675516028b,26-02-2026,08:51:40,47.4993,8.749814,https://urbanbelonging.app/minio/photo-uploads-prod/828db4c4-8cce-43a8-9fed-98dcad301218-400.jpeg,https://urbanbelonging.app/minio/photo-uploads-prod/828db4c4-8cce-43a8-9fed-98dcad301218-1600.jpeg,works_well,Neuer Übergang,"Super neue Verbindung mit der Stadt, den neuen Quartieren Hegi und Oberwinterthur",Bahnhofsausbau um das gesamte Projekt abzuschliessen,,1.0,2.0,2026-02-26,rojan
b73ac43c-f267-404a-9baa-de3153050f9d,5ba273cb-497d-469b-8f94-e70621ed7d8e,26-02-2026,08:52:38,47.498962,8.749873,https://urbanbelonging.app/minio/photo-uploads-prod/f424a38c-d0fb-4b00-8264-0edf79e5e793-400.jpeg,https://urbanbelonging.app/minio/photo-uploads-prod/f424a38c-d0fb-4b00-8264-0edf79e5e793-1600.jpeg,works_well,Easy to find your track,,,,,,2026-02-26,pascal
87ff3add-97fd-4749-a8f2-e2f99bde272b,1877a8fe-1ceb-4984-889b-d4b81bc8d6a6,26-02-2026,08:53:21,47.49888,8.750446,https://urbanbelonging.app/minio/photo-uploads-prod/9f52e6c9-7a2c-4bee-a1e9-26710166a640-400.jpeg,https://urbanbelonging.app/minio/photo-uploads-prod/9f52e6c9-7a2c-4bee-a1e9-26710166a640-1600.jpeg,works_well,schöne Bäume,schöne Bäume,mehr Bäume,,1.0,4.0,2026-02-26,c_real
81b98ebc-c0d5-4b5e-b377-247c2f5cdf5c,f7265e2e-c36e-4259-9245-844b56330a2c,26-02-2026,08:52:30,,,https://urbanbelonging.app/minio/photo-uploads-prod/cb8cc5d4-89e9-401a-a647-5748c32061fd-400.jpeg,https://urbanbelonging.app/minio/photo-uploads-prod/cb8cc5d4-89e9-401a-a647-5748c32061fd-1600.jpeg,works_well,Die Perrons sind gut gekenzeichnet,Es ist einfach die richtige abfahrtskante zu finden,,,1.0,5.0,2026-02-26,oli
fba7cf39-6dd0-43d0-b239-460c97cda560,fd6fa9f7-bb7b-4522-805f-b49b80941b7d,26-02-2026,08:58:02,,,https://urbanbelonging.app/minio/photo-uploads-prod/fcb57ee1-3067-4e20-b4db-f3bd88f61807-400.jpeg,https://urbanbelonging.app/minio/photo-uploads-prod/fcb57ee1-3067-4e20-b4db-f3bd88f61807-1600.jpeg,works_well,Refreshing station design,Adds Character to the station,"Refurbishment, includment in the new station rebuild.",,3.0,3.0,2026-02-26,xolivier
e0a1cde3-0c65-40af-bb6d-86f667a4b0aa,fd6fa9f7-bb7b-4522-805f-b49b80941b7d,26-02-2026,08:51:40,,,https://urbanbelonging.app/minio/photo-uploads-prod/4cfd5f1d-9f1f-4cc7-b5f0-742c0af24b2c-400.jpeg,https://urbanbelonging.app/minio/photo-uploads-prod/4cfd5f1d-9f1f-4cc7-b5f0-742c0af24b2c-1600.jpeg,works_well,Nice and quick connection.,Convenient transfer bus-train in the future.,With good maintanance,,1.0,1.0,2026-02-26,xolivier
80079bcb-dd16-4b2b-bf9f-d8e20ffd6039,4c34c8d8-b57e-4ad0-8ca3-27843cd9faf1,26-02-2026,08:58:33,47.49592,8.751026,https://urbanbelonging.app/minio/photo-uploads-prod/6e15ef7b-f990-46bd-9d04-0b12db068c5d-400.jpeg,https://urbanbelonging.app/minio/photo-uploads-prod/6e15ef7b-f990-46bd-9d04-0b12db068c5d-1600.jpeg,works_well,White walls,Die Wissen Wände sind in der Unterführung sehr Sinnvoll da sie mit wenig Energie die Unterführung sehr stark erhellen,"Falls dies steril wirkt, könnte man ganz kleine Gemälde auf Metallplättchen an der Wand verteilen",,2.0,3.0,2026-02-26,miqilo
ed1891d6-dc06-472d-b346-dccbcfc82b5b,1877a8fe-1ceb-4984-889b-d4b81bc8d6a6,26-02-2026,09:00:26,47.499207,8.751086,https://urbanbelonging.app/minio/photo-uploads-prod/62fffcae-e8c4-447f-aca9-66e2712564e3-400.jpeg,https://urbanbelonging.app/minio/photo-uploads-prod/62fffcae-e8c4-447f-aca9-66e2712564e3-1600.jpeg,works_well,Veloabstellanlage,überdachte Veloabstellanlage.,Die Anlage könnte noch sicherer gestaltet werden und es braucht auf jedenfall mehr Abstellplätze.,,1.0,4.0,2026-02-26,c_real
0a1f7097-940a-4e97-bd9d-3e67d050ec11,1877a8fe-1ceb-4984-889b-d4b81bc8d6a6,26-02-2026,08:55:32,47.49899,8.750817,https://urbanbelonging.app/minio/photo-uploads-prod/4955b0f4-f07e-4b86-8ce5-9c5dd53f6f89-400.jpeg,https://urbanbelonging.app/minio/photo-uploads-prod/4955b0f4-f07e-4b86-8ce5-9c5dd53f6f89-1600.jpeg,works_well,Veloabstellplatz,ein guter überdachter Veloabstellplatz.,Es braucht mehr Abstellplätze. Die Kapazität dieser Abstellanlage ist jetzt bereits fast erreicht. Die Velo Abstellanlage könnte noch sicherer gestaltet werden.,,1.0,4.0,2026-02-26,c_real
1da47b30-3fd7-4a6c-920c-8bf463463958,5ba273cb-497d-469b-8f94-e70621ed7d8e,26-02-2026,09:06:14,47.498962,8.749784,https://urbanbelonging.app/minio/photo-uploads-prod/ffa84567-37a5-4a69-ba7f-fc451531d186-400.jpeg,https://urbanbelonging.app/minio/photo-uploads-prod/ffa84567-37a5-4a69-ba7f-fc451531d186-1600.jpeg,works_well,,,,,,,2026-02-26,pascal
ee5e6392-dd31-48b0-8bee-2ef009bb2eae,160f1796-7e54-49e7-80dc-0b675516028b,26-02-2026,09:04:43,47.499474,8.750247,https://urbanbelonging.app/minio/photo-uploads-prod/24743255-76e0-4759-a720-33262b89090e-400.jpeg,https://urbanbelonging.app/minio/photo-uploads-prod/24743255-76e0-4759-a720-33262b89090e-1600.jpeg,works_well,Super Zugfahrt,Komfort,,,1.0,3.0,2026-02-26,rojan
d0f31852-15b7-42dd-a32b-99efe5e7fd1e,1877a8fe-1ceb-4984-889b-d4b81bc8d6a6,26-02-2026,09:07:07,47.499023,8.750594,https://urbanbelonging.app/minio/photo-uploads-prod/e1be87c1-35df-496c-91fa-6f1056a24cc9-400.jpeg,https://urbanbelonging.app/minio/photo-uploads-prod/e1be87c1-35df-496c-91fa-6f1056a24cc9-1600.jpeg,works_well,breite moderne Perrons,breite und übersichtliche Perrons mit unseren sehr sympatischen Dozentin und Dozenten ;—),Die Bedachung könnte schöner sein.,,2.0,3.0,2026-02-26,c_real
d54ec73b-dc8a-47ac-9ac8-2c7f81fea255,4c34c8d8-b57e-4ad0-8ca3-27843cd9faf1,26-02-2026,09:10:25,47.49941,8.749542,https://urbanbelonging.app/minio/photo-uploads-prod/7cef1aa8-9108-4cfe-80f2-42dfb99129ab-400.jpeg,https://urbanbelonging.app/minio/photo-uploads-prod/7cef1aa8-9108-4cfe-80f2-42dfb99129ab-1600.jpeg,works_well,interessantes Design der Perrondächer,"Die Perrondächer sind sonst überall gleich, indemsie hier anders sind macht es das zu einem speziellen Bahnhof",,,3.0,3.0,2026-02-26,miqilo
836cdcee-7a97-409d-b707-4b5aaa737b69,1877a8fe-1ceb-4984-889b-d4b81bc8d6a6,26-02-2026,09:22:23,47.499947,8.726061,https://urbanbelonging.app/minio/photo-uploads-prod/553193f4-9f38-4806-abef-8182c15c4431-400.jpeg,https://urbanbelonging.app/minio/photo-uploads-prod/553193f4-9f38-4806-abef-8182c15c4431-1600.jpeg,works_well,Veloabstellplatz,Veloabstellplätze sind sehr wichtig.,"Die Abstellplätze könnten bedacht sein und sind je nach dem nicht so sicher, da sie sich direkt an der Strasse befinden.",,3.0,3.0,2026-02-26,c_real
d6ee9693-fa0c-4790-be65-0bde00ed7627,1877a8fe-1ceb-4984-889b-d4b81bc8d6a6,26-02-2026,09:26:18,47.498436,8.726901,https://urbanbelonging.app/minio/photo-uploads-prod/2c65914a-58a9-49b4-b219-c852307a89d2-400.jpeg,https://urbanbelonging.app/minio/photo-uploads-prod/2c65914a-58a9-49b4-b219-c852307a89d2-1600.jpeg,works_well,Altstadt,wunderschöne ruhige Autobefreite Altstadt. Lädt zum verweilen ein.,mehr Begrünung,,1.0,4.0,2026-02-26,c_real
ab91f454-80d9-46f8-b79a-0d3f79f01d8a,7372714e-6fd6-40b7-962e-92ea4ac2669b,26-02-2026,15:58:40,,,https://urbanbelonging.app/minio/photo-uploads-prod/33e870a1-d4f5-4867-91f7-a314da27bd4c-400.jpeg,https://urbanbelonging.app/minio/photo-uploads-prod/33e870a1-d4f5-4867-91f7-a314da27bd4c-1600.jpeg,works_well,Rückweg ,,,,,,2026-02-26,nm
298db538-6983-4bc9-baf1-c42a7616143b,7372714e-6fd6-40b7-962e-92ea4ac2669b,26-02-2026,15:59:20,,,https://urbanbelonging.app/minio/photo-uploads-prod/58718066-3ea9-487d-8c91-d2579cfe847d-400.jpeg,https://urbanbelonging.app/minio/photo-uploads-prod/58718066-3ea9-487d-8c91-d2579cfe847d-1600.jpeg,works_well,Zug ist pünktlich.,,,,,,2026-02-26,nm
d03343d2-97ba-439a-b8d2-a6372ea0bd4a,7372714e-6fd6-40b7-962e-92ea4ac2669b,26-02-2026,15:59:51,,,https://urbanbelonging.app/minio/photo-uploads-prod/de0a9806-3546-4388-a415-999e1bb07653-400.jpeg,https://urbanbelonging.app/minio/photo-uploads-prod/de0a9806-3546-4388-a415-999e1bb07653-1600.jpeg,works_well,Zug ist pünktlich ,,,,,,2026-02-26,nm
96dbd997-9d4b-4864-816f-991624aa62a4,7372714e-6fd6-40b7-962e-92ea4ac2669b,26-02-2026,16:45:58,,,https://urbanbelonging.app/minio/photo-uploads-prod/0087c5ae-ec11-49cd-a6b9-4f087ed88fd2-400.jpeg,https://urbanbelonging.app/minio/photo-uploads-prod/0087c5ae-ec11-49cd-a6b9-4f087ed88fd2-1600.jpeg,works_well,Anschlusszug wartet schon.,,,,,,2026-02-26,nm
e6fff8e9-cdd7-4b96-9a42-9bd5bb6bb6bf,7372714e-6fd6-40b7-962e-92ea4ac2669b,26-02-2026,16:48:51,,,https://urbanbelonging.app/minio/photo-uploads-prod/e055a5c8-fcae-4dfd-849b-45b17ab9805c-400.jpeg,https://urbanbelonging.app/minio/photo-uploads-prod/e055a5c8-fcae-4dfd-849b-45b17ab9805c-1600.jpeg,works_well,Pünktlich angekommen.,,,,,,2026-02-26,nm
0b572652-8771-4886-bc98-f089f6f6abf6,b35f73ff-152a-4d66-b52a-5ac0af337c97,27-02-2026,08:48:49,47.494663,8.750704,https://urbanbelonging.app/minio/photo-uploads-prod/dbdd7ea2-5b26-4799-b07f-f396d1be935f-400.jpeg,https://urbanbelonging.app/minio/photo-uploads-prod/dbdd7ea2-5b26-4799-b07f-f396d1be935f-1600.jpeg,works_well,Clean bus,,,,,,2026-02-27,csd
401c5eff-04e5-4aff-b3e9-ccbb3308ab0b,1e2e7ec8-389b-4c3c-af94-9c5254a92bc5,02-03-2026,20:46:17,47.275707,8.446482,https://urbanbelonging.app/minio/photo-uploads-prod/a119812a-0f3a-4618-bb06-75a9d033eaef-400.jpeg,https://urbanbelonging.app/minio/photo-uploads-prod/a119812a-0f3a-4618-bb06-75a9d033eaef-1600.jpeg,works_well,"es gibt licht, dass man abends etwas sieht",man braucht licht um zu sehen,"immer die lichtquellen kontrollieren, dass sie einwandfrei funktionieren",abends in bus und zügen,2.0,5.0,2026-03-02,noahb
9c64ccda-26ef-400e-9434-52cf9ea4a508,1e2e7ec8-389b-4c3c-af94-9c5254a92bc5,02-03-2026,20:47:40,47.27086,8.440041,https://urbanbelonging.app/minio/photo-uploads-prod/4a6ab2b6-8521-4ca0-a296-2cc926106187-400.jpeg,https://urbanbelonging.app/minio/photo-uploads-prod/4a6ab2b6-8521-4ca0-a296-2cc926106187-1600.jpeg,works_well,es wird auf Menschen mit Einschränkungen Rücksicht genommen,"Alle müssen inkludiert werden und die Möglichkeit haben, ÖV zu nutzen.",Rücksicht nehmen auf alle Menschen,Generell in Büssen und Zügen,1.0,5.0,2026-03-02,noahb
31df8018-0ef5-495f-bbfd-d9905d778d76,bd27a6b8-dbad-4d1b-bd1b-ec0c7fa4d48a,04-03-2026,10:54:05,47.501038,8.72336,https://urbanbelonging.app/minio/photo-uploads-prod/ead7f504-9e2b-402b-82b7-485ab95b5ffd-400.jpeg,https://urbanbelonging.app/minio/photo-uploads-prod/ead7f504-9e2b-402b-82b7-485ab95b5ffd-1600.jpeg,works_well,Guter Aufenthaltsort,Sehr gut: Trinkbrunnen in der Nähe,,,3.0,4.0,2026-03-04,bueelma
35fad162-3040-4e2f-862c-024717d91816,bd27a6b8-dbad-4d1b-bd1b-ec0c7fa4d48a,04-03-2026,10:52:01,47.500793,8.723183,https://urbanbelonging.app/minio/photo-uploads-prod/2bcead98-1c9a-474d-88ae-91961cf8b82d-400.jpeg,https://urbanbelonging.app/minio/photo-uploads-prod/2bcead98-1c9a-474d-88ae-91961cf8b82d-1600.jpeg,works_well,Anzeigen Neue Unterführung,Hilfreicher Hinweis welche Treppe man benutzen soll,,,2.0,5.0,2026-03-04,bueelma
bb2b34fb-6f1e-4b01-8558-4bdef4dde811,bd27a6b8-dbad-4d1b-bd1b-ec0c7fa4d48a,04-03-2026,10:53:00,47.500977,8.723324,https://urbanbelonging.app/minio/photo-uploads-prod/9b078ace-db72-4f82-b0a2-979a9cb04650-400.jpeg,https://urbanbelonging.app/minio/photo-uploads-prod/9b078ace-db72-4f82-b0a2-979a9cb04650-1600.jpeg,works_well,Angenehmer Warteraum,,,,1.0,3.0,2026-03-04,bueelma
eafe9bb0-c7eb-4308-86ee-1933ce05d186,bd27a6b8-dbad-4d1b-bd1b-ec0c7fa4d48a,04-03-2026,10:54:59,47.500916,8.723274,https://urbanbelonging.app/minio/photo-uploads-prod/491a3f5c-b2e1-4e04-980b-002a51f7e315-400.jpeg,https://urbanbelonging.app/minio/photo-uploads-prod/491a3f5c-b2e1-4e04-980b-002a51f7e315-1600.jpeg,works_well,Separate Velounterführung,,,,4.0,5.0,2026-03-04,bueelma
93aeada6-8729-4cd6-910d-0debed362cab,3ca70150-c635-4492-9c37-48be77eb084b,07-03-2026,07:16:30,47.504524,8.771718,https://urbanbelonging.app/minio/photo-uploads-prod/01e7f7ea-6067-4274-91bb-0376e778a5c7-400.jpeg,https://urbanbelonging.app/minio/photo-uploads-prod/01e7f7ea-6067-4274-91bb-0376e778a5c7-1600.jpeg,works_well,All buses are punctual.,"Time of the picture is 08:00, that the buses arrive with punctuality is important because most usera use the public transport to commute to work. Our jobs are dependable of the constant continuity of the buses.","Even though they arrive at the estimated time the wait between buses of the same line is between 10 and 20 min, meaning that if an user doesn't catch one, the next one would be too late to get on time to the destination. Same problem applies if one bus is late and 3 buses of the same line arrive with 2 min of difference between eachother.","Just other bus lines in Winterthur and other cities in Switzerland, only buses though.",1.0,2.0,2026-03-07,fabribg
00355db6-c4f3-4050-8534-cfc93011a80a,1e2e7ec8-389b-4c3c-af94-9c5254a92bc5,05-03-2026,17:37:26,47.356964,8.448515,https://urbanbelonging.app/minio/photo-uploads-prod/6eb73c2f-d14e-4579-b344-b341829c84f7-400.jpeg,https://urbanbelonging.app/minio/photo-uploads-prod/6eb73c2f-d14e-4579-b344-b341829c84f7-1600.jpeg,works_well,die Sitzflächen sind sauber,Ich will auf sauberen Sitzen sitzen,regelmässige Reinigung und Achtsamkeit der Fahrgäste,täglich in Zug und Bus,1.0,2.0,2026-03-05,noahb
6d2c70b0-33a8-410a-9d4f-1ca9ffa30300,b35f73ff-152a-4d66-b52a-5ac0af337c97,10-03-2026,13:51:43,55.781197,12.519927,https://urbanbelonging.app/minio/photo-uploads-prod/29349eae-fb20-4b88-a78a-d0761c350776-400.jpeg,https://urbanbelonging.app/minio/photo-uploads-prod/29349eae-fb20-4b88-a78a-d0761c350776-1600.jpeg,works_well,,,,,,,2026-03-10,csd
839dda4a-531d-47b3-97ec-51183fb62ea4,bd27a6b8-dbad-4d1b-bd1b-ec0c7fa4d48a,10-03-2026,16:27:01,47.55716,8.691998,https://urbanbelonging.app/minio/photo-uploads-prod/c3d7f422-2f0e-4941-8ab4-9f6b983ad75e-400.jpeg,https://urbanbelonging.app/minio/photo-uploads-prod/c3d7f422-2f0e-4941-8ab4-9f6b983ad75e-1600.jpeg,problem,Unterführungen Altstadt-Archhöfe,Unterführung ist nur für Passanten zwischen Altstadt und Archöfe nützlich. Die Unterführung wird daher schlecht genutzt.,,,5.0,2.0,2026-03-10,bueelma
ce54f5c1-68c3-49ae-8e21-973bb8b14434,7372714e-6fd6-40b7-962e-92ea4ac2669b,10-03-2026,16:46:14,,,https://urbanbelonging.app/minio/photo-uploads-prod/2868da93-300f-49fa-b6bf-e52442ec899f-400.jpeg,https://urbanbelonging.app/minio/photo-uploads-prod/2868da93-300f-49fa-b6bf-e52442ec899f-1600.jpeg,problem,Anschlusszug verspätet.,,,,,,2026-03-10,nm
2c4d4efd-acea-4703-a6c6-e5dfc3d850ee,3ca70150-c635-4492-9c37-48be77eb084b,12-03-2026,16:54:22,47.397484,8.596347,https://urbanbelonging.app/minio/photo-uploads-prod/948e8fa8-b880-4bfb-9df3-aede578b0a61-400.jpeg,https://urbanbelonging.app/minio/photo-uploads-prod/948e8fa8-b880-4bfb-9df3-aede578b0a61-1600.jpeg,problem,Traffic creating delays,"In the picture isn't appreciated, but is a lot of traffic in this area between two gas stations near the shooting range. Every time the bus crosses this roundabout, gets delayed due to the traffic","Well the cars going in and out of the gas station and supermarkets create the delays, maybe opening another lane that facilitates the cars leaving Winterthur helps the traffic.",,1.0,1.0,2026-03-12,fabribg
161b0609-198f-4454-a27e-b79ee4407cbc,fa50b577-a1eb-4819-a7c1-931a34c4e2bc,15-03-2026,07:46:48,47.501602,8.751954,https://urbanbelonging.app/minio/photo-uploads-prod/fe9a5c62-2a9f-413d-a9fd-8a4d6842a362-400.jpeg,https://urbanbelonging.app/minio/photo-uploads-prod/fe9a5c62-2a9f-413d-a9fd-8a4d6842a362-1600.jpeg,problem,Noch mehr Müll auf dem Weg zum Bahnhof,,,,,,2026-03-15,emilie
4acc68c4-6931-4b1b-847d-75076a447644,fa50b577-a1eb-4819-a7c1-931a34c4e2bc,15-03-2026,07:45:01,47.501602,8.751953,https://urbanbelonging.app/minio/photo-uploads-prod/364bf294-183d-42fc-95af-cba0c1628663-400.jpeg,https://urbanbelonging.app/minio/photo-uploads-prod/364bf294-183d-42fc-95af-cba0c1628663-1600.jpeg,problem,Viel Müll auf dem Weg zum Bahnhof und um den Bahnhof.,"Ungutes Gefühl, Verminderung der Standortqualität",,,3.0,,2026-03-15,emilie
2899a519-33fd-428e-8e8a-56af242c1bd3,fa50b577-a1eb-4819-a7c1-931a34c4e2bc,15-03-2026,07:49:49,47.501602,8.751954,https://urbanbelonging.app/minio/photo-uploads-prod/e638ad4f-974f-42a4-aed4-517d3f96f39c-400.jpeg,https://urbanbelonging.app/minio/photo-uploads-prod/e638ad4f-974f-42a4-aed4-517d3f96f39c-1600.jpeg,problem,Helle Böden oft verschmutzt,,Mehr Reinigungen oder andere Bodenfarbe,,,,2026-03-15,emilie
d0a68919-6723-4dcc-be1c-cd44e233bf89,fa50b577-a1eb-4819-a7c1-931a34c4e2bc,15-03-2026,07:50:49,47.501602,8.751955,https://urbanbelonging.app/minio/photo-uploads-prod/4e27e9b3-e458-41ef-9785-cf47fd4c97e1-400.jpeg,https://urbanbelonging.app/minio/photo-uploads-prod/4e27e9b3-e458-41ef-9785-cf47fd4c97e1-1600.jpeg,problem,Informationstafel defekt,Seit Monaten funktioniert sie nicht und wurde nie repariert, Regelmässige Kontroll- und Wartungsrunden,,,,2026-03-15,emilie
b7514b81-c536-4195-be5b-c9e0093eb919,0f489cda-b398-4172-a173-fd2645b61c75,18-03-2026,15:26:01,47.501923,8.768215,https://urbanbelonging.app/minio/photo-uploads-prod/28831250-ee61-4245-ad6b-4de50a6ac502-400.jpeg,https://urbanbelonging.app/minio/photo-uploads-prod/28831250-ee61-4245-ad6b-4de50a6ac502-1600.jpeg,problem,Disabled access to the platform is very far from the shelter,"Disabled people must go much further down a relatively narrow platform to shelter from bad weather. I’ve observed disabled people waiting in the rain, which is not pleasant.",Extend the shelter to the disabled access,,2.0,2.0,2026-03-18,andrewdd8400
28b13e8c-a8d7-4a0e-b9f9-204b9c0ac652,0f489cda-b398-4172-a173-fd2645b61c75,18-03-2026,15:22:16,47.501923,8.768215,https://urbanbelonging.app/minio/photo-uploads-prod/3ec353c0-0ecf-46e7-8b17-3032a06a192a-400.jpeg,https://urbanbelonging.app/minio/photo-uploads-prod/3ec353c0-0ecf-46e7-8b17-3032a06a192a-1600.jpeg,problem,At level platform access directly from park,"The pathway through the park leads directly onto the platform, where trains pass regularly at relatively high speed. There is a playground nearby and children frequently play close to the station, ride bikes etc. I’m concerned about safety, as it seems that an accident could easily lead to someone landing on the tracks",Build a chicane railing to ensure one cannot accidentally get from the park into the station,,3.0,5.0,2026-03-18,andrewdd8400
dacaa080-adac-4ea5-9336-8d5dad0abbdc,7372714e-6fd6-40b7-962e-92ea4ac2669b,24-03-2026,16:52:22,,,https://urbanbelonging.app/minio/photo-uploads-prod/203eea3b-a03a-4497-9028-e030c5e93497-400.jpeg,https://urbanbelonging.app/minio/photo-uploads-prod/203eea3b-a03a-4497-9028-e030c5e93497-1600.jpeg,problem,8 Minuten Verspätung bei Ankunft. Anschlusszug ist weg.,,,,,,2026-03-24,nm
c1fd36c1-26ae-4e98-9d57-2c243c99063f,3ca70150-c635-4492-9c37-48be77eb084b,25-03-2026,12:49:43,47.49825,8.73952,https://urbanbelonging.app/minio/photo-uploads-prod/56f1ea5f-5c01-4180-87ee-71e011abacf1-400.jpeg,https://urbanbelonging.app/minio/photo-uploads-prod/56f1ea5f-5c01-4180-87ee-71e011abacf1-1600.jpeg,problem,Bus came late,Its raining so I guess the traffic is worse than usual. But considering that bus lines are free this shouldn't be a problem ,"I believe is just people that rush to get into a crowded bus due to the rain, that eventually delays it. Maybe larger roofs on bus stations",,2.0,2.0,2026-03-25,fabribg
8632d98d-440a-4fd3-a9d2-c64d1724ad4c,fa50b577-a1eb-4819-a7c1-931a34c4e2bc,30-03-2026,14:24:04,47.50159,8.752191,https://urbanbelonging.app/minio/photo-uploads-prod/77b5cddb-5d25-4431-aa4e-2f0f89c8638e-400.jpeg,https://urbanbelonging.app/minio/photo-uploads-prod/77b5cddb-5d25-4431-aa4e-2f0f89c8638e-1600.jpeg,problem,Anzeige ausser Betrieb,"Wusste nicht genau wo ich bin, wann ich wo ankomme, wie lange die reise noch geht",,,5.0,,2026-03-30,emilie
df8a7931-654f-40ff-b161-49b509f5ec56,fa50b577-a1eb-4819-a7c1-931a34c4e2bc,30-03-2026,14:26:50,47.50161,8.751913,https://urbanbelonging.app/minio/photo-uploads-prod/5d57fb68-f75b-40d9-99f2-16a9fd26935a-400.jpeg,https://urbanbelonging.app/minio/photo-uploads-prod/5d57fb68-f75b-40d9-99f2-16a9fd26935a-1600.jpeg,problem,Schon wieder jemand der laut seine videos und musik hört:(,,,,,,2026-03-30,emilie
25d256e0-f780-4a32-a41f-cab66c15c7d0,fa50b577-a1eb-4819-a7c1-931a34c4e2bc,30-03-2026,14:29:47,47.50161,8.751913,https://urbanbelonging.app/minio/photo-uploads-prod/1fc6c7a9-326d-4b84-bb52-8ba167f73bf2-400.jpeg,https://urbanbelonging.app/minio/photo-uploads-prod/1fc6c7a9-326d-4b84-bb52-8ba167f73bf2-1600.jpeg,problem,Kleine Gepäckablage,"In der Gepäckablage hat fast nichts Platz, nur sehr flache/schmale Sachen, alles andere muss unter dem Sitz oder auf sich selbst verstaut werden",,,,,2026-03-30,emilie
9e9cf25f-779c-4e5a-b07f-94b19fdf60e0,b9f47e3e-422d-4320-81e7-d14d3ad3220f,19-02-2026,17:12:48,47.49872,8.863374,https://urbanbelonging.app/minio/photo-uploads-prod/4e1fe785-bac4-42f9-9a4d-349fa7980a78-400.jpeg,https://urbanbelonging.app/minio/photo-uploads-prod/4e1fe785-bac4-42f9-9a4d-349fa7980a78-1600.jpeg,problem,"Von Aadorf nach Winterthur, Stöhrung an der Bahnanlage",,,,2.0,3.0,2026-02-19,fiona
032d8054-0c3d-47d7-bcd8-6cace58c775a,b35f73ff-152a-4d66-b52a-5ac0af337c97,20-02-2026,12:21:02,55.781197,12.519927,https://urbanbelonging.app/minio/photo-uploads-prod/ba99e5a5-9a7a-4a53-9127-b9baae46852a-400.jpeg,https://urbanbelonging.app/minio/photo-uploads-prod/ba99e5a5-9a7a-4a53-9127-b9baae46852a-1600.jpeg,problem,,,,,,,2026-02-20,csd
f1f2c7ee-4a07-4280-8455-a6f29af90935,25ce643a-b10b-464d-996a-6f41a3b85a39,26-02-2026,07:25:36,47.365986,8.549174,https://urbanbelonging.app/minio/photo-uploads-prod/81477721-a372-4981-ad67-ece75f927981-400.jpeg,https://urbanbelonging.app/minio/photo-uploads-prod/81477721-a372-4981-ad67-ece75f927981-1600.jpeg,problem,"Display on screen not working, neither in- or outside",Unclear if the correct train was chosen on the way to Winterthur,Fix the technical problem and communicate orally,,3.0,4.0,2026-02-26,vicente
9e913236-11b2-4269-a335-13a55d67acf9,3a161102-0dcd-4b81-bb0f-e9e5f419778b,26-02-2026,08:03:14,,,https://urbanbelonging.app/minio/photo-uploads-prod/78029443-f409-482f-8878-f3bfb42c6444-400.jpeg,https://urbanbelonging.app/minio/photo-uploads-prod/78029443-f409-482f-8878-f3bfb42c6444-1600.jpeg,problem,"Wenig grün, viel verkehr, wenig alternative fussverkehre",,More greenry,At other mainstreets,1.0,2.0,2026-02-26,teri284
90287b9b-0f86-40a6-b87b-969c6bfb20bb,4c34c8d8-b57e-4ad0-8ca3-27843cd9faf1,26-02-2026,07:57:30,47.497894,8.729684,https://urbanbelonging.app/minio/photo-uploads-prod/34b59d09-a53c-4e0a-8e10-912b18da3548-400.jpeg,https://urbanbelonging.app/minio/photo-uploads-prod/34b59d09-a53c-4e0a-8e10-912b18da3548-1600.jpeg,problem,"no trees, not a lot of green spaces",,,,2.0,2.0,2026-02-26,miqilo
8a0ef05f-0302-473a-8190-c9cd7edee563,b35f73ff-152a-4d66-b52a-5ac0af337c97,26-02-2026,08:04:37,47.49909,8.72399,https://urbanbelonging.app/minio/photo-uploads-prod/8530ac15-9be2-4626-bc04-a49a0b40d064-400.jpeg,https://urbanbelonging.app/minio/photo-uploads-prod/8530ac15-9be2-4626-bc04-a49a0b40d064-1600.jpeg,problem,Not clear where we can cross,,,,,,2026-02-26,csd
f82d95ff-d2e6-4b95-a68f-4f32a6252f77,f76d6514-f7d7-4d80-a6c8-85e636d58a39,26-02-2026,08:05:43,47.49915,8.724024,https://urbanbelonging.app/minio/photo-uploads-prod/9676929a-3210-4aa4-a6ab-4a4745e8a183-400.jpeg,https://urbanbelonging.app/minio/photo-uploads-prod/9676929a-3210-4aa4-a6ab-4a4745e8a183-1600.jpeg,problem,Buses and people get in the way,,,,4.0,2.0,2026-02-26,gome
71f5cabb-8e40-4dfc-b100-3626b36a9112,1877a8fe-1ceb-4984-889b-d4b81bc8d6a6,26-02-2026,08:05:49,47.499554,8.723764,https://urbanbelonging.app/minio/photo-uploads-prod/47cd012f-22e8-4e99-8364-3dcaec0ed14d-400.jpeg,https://urbanbelonging.app/minio/photo-uploads-prod/47cd012f-22e8-4e99-8364-3dcaec0ed14d-1600.jpeg,problem,viel befahrene Kreuzung von Bussen und Querung für Fussgänger*innen,Viele Busse queeren die Kreuzung und gleichzeitig wollen viele Fussgänger*innen zum Bahnhof,,,4.0,1.0,2026-02-26,c_real
39e08d74-327f-4fbe-b619-5ee31b5aabcf,ec0f0c74-720a-4714-99b3-c40b2bbae27c,26-02-2026,08:07:15,47.49935,8.723828,https://urbanbelonging.app/minio/photo-uploads-prod/c9bc4ba6-eb35-4389-af5b-3c1347f5a389-400.jpeg,https://urbanbelonging.app/minio/photo-uploads-prod/c9bc4ba6-eb35-4389-af5b-3c1347f5a389-1600.jpeg,problem,Busses and people ,,,,2.0,4.0,2026-02-26,john
a591bc3e-c552-4714-a814-b7f2399c098b,3a161102-0dcd-4b81-bb0f-e9e5f419778b,26-02-2026,08:05:02,,,https://urbanbelonging.app/minio/photo-uploads-prod/cc7227c7-95f1-49e8-a115-e6c1a806ab63-400.jpeg,https://urbanbelonging.app/minio/photo-uploads-prod/cc7227c7-95f1-49e8-a115-e6c1a806ab63-1600.jpeg,problem,"Lots of concrete, no green",There is so much concrete and not a lot of enjoable space,More greenry ,Zurich Mainstaition,5.0,2.0,2026-02-26,teri284
6d90f15d-a311-495b-a69c-f84fa422b101,a290bc9c-f987-4a64-bdf7-9d3641c7f3e6,26-02-2026,08:09:12,47.4989,8.749856,https://urbanbelonging.app/minio/photo-uploads-prod/020db122-9604-4d98-99c4-fa2a734ffaf2-400.jpeg,https://urbanbelonging.app/minio/photo-uploads-prod/020db122-9604-4d98-99c4-fa2a734ffaf2-1600.jpeg,problem,Die unteren Veloplätze sind voll.,Das Velo hochzuhiefen ist mühsam. Viele würden das Velo wahrscheinlich neben die Veloplätze stellen.,Mehr ebenerdige Veloplätze anbieten.,Doppelstöckige Veloabstellplätze gibt es an vielen Orten. Meist wird die obere Etage nur sehr wenig genutzt.,4.0,2.0,2026-02-26,arejou
e6f16fd7-c4a5-4728-bfb7-80b8d2a809b6,3a161102-0dcd-4b81-bb0f-e9e5f419778b,26-02-2026,08:13:50,,,https://urbanbelonging.app/minio/photo-uploads-prod/4a0c0f39-34ec-4418-816b-b7af955d22cd-400.jpeg,https://urbanbelonging.app/minio/photo-uploads-prod/4a0c0f39-34ec-4418-816b-b7af955d22cd-1600.jpeg,problem,To much cable in the sky,You cant see the beautyful trainstation because of all the cables,Less cable ,"Centeal spots like in zurich centeal, bellevue, albisriederplatz erc.",5.0,1.0,2026-02-26,teri284
349d7156-85d1-488e-8bdd-fd8541e893e9,5ba273cb-497d-469b-8f94-e70621ed7d8e,26-02-2026,08:11:17,47.49771,8.726784,https://urbanbelonging.app/minio/photo-uploads-prod/2facfec2-bb6d-4c41-bfdf-f018ff79676e-400.jpeg,https://urbanbelonging.app/minio/photo-uploads-prod/2facfec2-bb6d-4c41-bfdf-f018ff79676e-1600.jpeg,problem,The crossing of buses people and cars is in the early houers really chaosmatic,You never know if you can cross safely,,,4.0,,2026-02-26,pascal
24b4ab6a-ed49-4c15-aa3d-7bbe332b39d4,1877a8fe-1ceb-4984-889b-d4b81bc8d6a6,26-02-2026,08:12:17,47.49951,8.723614,https://urbanbelonging.app/minio/photo-uploads-prod/c3166007-86b2-4d89-a3f9-e6b34fee7d87-400.jpeg,https://urbanbelonging.app/minio/photo-uploads-prod/c3166007-86b2-4d89-a3f9-e6b34fee7d87-1600.jpeg,problem,dunkler nicht einladender Aufenthaltsbereich,"Im Untergeschoss vom Bahnhof befindet sich dieser nicht einladender Aufenthaltsbereich. Schlechtes Licht, keine Sitzmöglichkeit, keine Begrünnung oder sonstige Kreativen Elemente. Die Tische sind oft beschmutzt. Der Bereich lädt nicht zum verweilen ein.","Mit einer Aufwertung, z.B. einer Soft Renovation.",,2.0,4.0,2026-02-26,c_real
34dbca9c-e4b9-4540-95b0-3117df157fcb,4c34c8d8-b57e-4ad0-8ca3-27843cd9faf1,26-02-2026,08:12:21,47.499405,8.72387,https://urbanbelonging.app/minio/photo-uploads-prod/7f8246a8-984b-4bbd-84f8-86489ea81bb0-400.jpeg,https://urbanbelonging.app/minio/photo-uploads-prod/7f8246a8-984b-4bbd-84f8-86489ea81bb0-1600.jpeg,problem,Pre Information about bus departures,"wenn man mit dem Zug ankommt, ist es schwierig sich einen schnellen Überblick über die Abfahrenden Busse zu machen. Wenn man wenig Zeit hat kann das entscheidend sein","Die Abfahrten in den nächsten 2' deutlich grösser auf dem Screen erscheinen lassen. so wird man schneller darauf hingewiesen, dass man sich beeilen muss und sieht sofort an welcher Kante der Bus fährt",,2.0,5.0,2026-02-26,miqilo
41b9bddb-4841-4531-ae90-0b4d41c08729,91e2a0f6-184f-4766-85ac-d2c9112999a1,26-02-2026,08:06:27,47.498806,8.724359,https://urbanbelonging.app/minio/photo-uploads-prod/0afa0185-0717-4033-92f5-5577d13c1c59-400.jpeg,https://urbanbelonging.app/minio/photo-uploads-prod/0afa0185-0717-4033-92f5-5577d13c1c59-1600.jpeg,problem,Trucks take space,Two trucks (come a third one later) were on the sidewalk and on the place. There unloaded. It has less space to walk and it doesn't feel safe.,Make a place to unloed.,,3.0,3.0,2026-02-26,philemon
59c4cc96-443a-4ff7-ac08-adf83388e916,22a29234-a68b-40b5-aefa-304c5be7a313,26-02-2026,08:16:59,47.49944,8.723951,https://urbanbelonging.app/minio/photo-uploads-prod/4fd011c8-3fd8-4da6-8b43-3b73be00e503-400.jpeg,https://urbanbelonging.app/minio/photo-uploads-prod/4fd011c8-3fd8-4da6-8b43-3b73be00e503-1600.jpeg,problem,Taxis in th way,When going to the bus station you always have to walk trough these Taxis. A bit dangerous and just annoying. Wrong place for them to wait.,Move them to a different location!,,2.0,5.0,2026-02-26,mountainpixel
39d7e9e3-3374-4000-9504-3fb55eee219f,22a29234-a68b-40b5-aefa-304c5be7a313,26-02-2026,08:18:45,47.49958,8.723718,https://urbanbelonging.app/minio/photo-uploads-prod/c438a270-dfe8-42e8-abd0-d6a721f9b772-400.jpeg,https://urbanbelonging.app/minio/photo-uploads-prod/c438a270-dfe8-42e8-abd0-d6a721f9b772-1600.jpeg,problem,People wait here and block the passage to the train station ,,Move the departure board to somewhere else,,3.0,3.0,2026-02-26,mountainpixel
e04589d1-0cc0-436d-90d8-db9dcd3564f1,f7265e2e-c36e-4259-9245-844b56330a2c,26-02-2026,08:17:21,,,https://urbanbelonging.app/minio/photo-uploads-prod/47227953-c191-4e04-844a-76a8db52715b-400.jpeg,https://urbanbelonging.app/minio/photo-uploads-prod/47227953-c191-4e04-844a-76a8db52715b-1600.jpeg,problem,When is bad weather (raining ) it is not possible walk dry to the buses,"The roff can be sleppery and it is very ("" müesam"")","Make a greater roof, chanching the design, it is not vedy easy to change.",,2.0,1.0,2026-02-26,oli
3fbd0d32-a94a-49eb-a19a-dca70bf7b5c3,22a29234-a68b-40b5-aefa-304c5be7a313,26-02-2026,08:14:05,47.499237,8.723927,https://urbanbelonging.app/minio/photo-uploads-prod/73d466d5-2587-4830-8a9e-d84629578ecd-400.jpeg,https://urbanbelonging.app/minio/photo-uploads-prod/73d466d5-2587-4830-8a9e-d84629578ecd-1600.jpeg,problem,Confusing crossing,"Difficult crossing with busses and taxi. I see a lot of ""close"" calls here.",honestly no idea,,3.0,1.0,2026-02-26,mountainpixel
5791ae04-8ed4-431d-8681-fc7e1a0ab1ae,fd6fa9f7-bb7b-4522-805f-b49b80941b7d,26-02-2026,08:18:44,,,https://urbanbelonging.app/minio/photo-uploads-prod/fb7083df-d40c-49a2-b435-e25d40792097-400.jpeg,https://urbanbelonging.app/minio/photo-uploads-prod/fb7083df-d40c-49a2-b435-e25d40792097-1600.jpeg,problem,Not exactly levelboarding,Not convinient,Rise plattforms,,3.0,3.0,2026-02-26,xolivier
6e1d2719-8566-4e0f-99a4-3bf2defe3964,3a161102-0dcd-4b81-bb0f-e9e5f419778b,26-02-2026,08:20:00,,,https://urbanbelonging.app/minio/photo-uploads-prod/8132ecbc-281c-4ca7-92ee-53d83893005f-400.jpeg,https://urbanbelonging.app/minio/photo-uploads-prod/8132ecbc-281c-4ca7-92ee-53d83893005f-1600.jpeg,problem,Taxis sind im Weg,Um zum Bisbahnhof zu kommen muss man durch die Taxis laufen,"Ja, man soll den Taxistand verschieben",,2.0,4.0,2026-02-26,teri284
0eb46ba4-3cc4-4b5c-b25f-03277afc382d,4c34c8d8-b57e-4ad0-8ca3-27843cd9faf1,26-02-2026,08:22:17,47.49969,8.723607,https://urbanbelonging.app/minio/photo-uploads-prod/2978f1e3-8eca-4c58-b1c1-b6e5f881d489-400.jpeg,https://urbanbelonging.app/minio/photo-uploads-prod/2978f1e3-8eca-4c58-b1c1-b6e5f881d489-1600.jpeg,problem,Abfahrtsinformationen sind doppelt vorhanden,hier sind zwei abfahrtsbildschirme und beim anderen Eingang (Stadttor) hat es keinen Bildschirm. Die Abfahrten sind auch nicht ersichtlich vom Busterminal her,,,4.0,3.0,2026-02-26,miqilo
304197d5-d126-4f98-90d9-f51b9c5b393e,91e2a0f6-184f-4766-85ac-d2c9112999a1,26-02-2026,08:27:46,47.500397,8.730626,https://urbanbelonging.app/minio/photo-uploads-prod/64db3b4d-f3a4-4f53-878c-6f4cac426da7-400.jpeg,https://urbanbelonging.app/minio/photo-uploads-prod/64db3b4d-f3a4-4f53-878c-6f4cac426da7-1600.jpeg,problem,Tür geht auf auf die Kunden,Es blokiert das Tür und macht viel Lärm. ,Türen die nach draussen öffnen.,,4.0,2.0,2026-02-26,philemon
148ab6cc-1ebd-4590-a75d-6d8f8ca6cfaf,fd6fa9f7-bb7b-4522-805f-b49b80941b7d,26-02-2026,08:24:33,,,https://urbanbelonging.app/minio/photo-uploads-prod/3db19d53-4384-41e9-b366-9f1363024763-400.jpeg,https://urbanbelonging.app/minio/photo-uploads-prod/3db19d53-4384-41e9-b366-9f1363024763-1600.jpeg,problem,"Not friendly, feels not safe",Due to wide lanes speeding is encouraged.,"Makes the road smaller, make the sidewalks and bycicle path wider.",,3.0,4.0,2026-02-26,xolivier
ff6f45f7-1e93-41c2-a954-b12e21737749,ec0f0c74-720a-4714-99b3-c40b2bbae27c,26-02-2026,08:32:57,47.49873,8.750703,https://urbanbelonging.app/minio/photo-uploads-prod/668be960-e4e2-4d07-aeea-d7695be16790-400.jpeg,https://urbanbelonging.app/minio/photo-uploads-prod/668be960-e4e2-4d07-aeea-d7695be16790-1600.jpeg,problem,"No way for bikes to cross the the train station, but they are working on it at the moment. ",,,,2.0,4.0,2026-02-26,john
32e83019-8576-426b-970f-8bdd7ca28ef9,fd6fa9f7-bb7b-4522-805f-b49b80941b7d,26-02-2026,08:29:33,,,https://urbanbelonging.app/minio/photo-uploads-prod/f075a9b1-cd67-40f8-a8aa-57784a52e7fa-400.jpeg,https://urbanbelonging.app/minio/photo-uploads-prod/f075a9b1-cd67-40f8-a8aa-57784a52e7fa-1600.jpeg,problem,Not friendly,"Smog.
Noise.",Locate out of town.,,2.0,2.0,2026-02-26,xolivier
76581b3d-9cf8-4a3a-b9dc-ab69b403b904,f76d6514-f7d7-4d80-a6c8-85e636d58a39,26-02-2026,08:35:55,47.498714,8.750609,https://urbanbelonging.app/minio/photo-uploads-prod/feac0950-9f02-4a5d-a219-08cb138602a7-400.jpeg,https://urbanbelonging.app/minio/photo-uploads-prod/feac0950-9f02-4a5d-a219-08cb138602a7-1600.jpeg,problem,Bike riders lose a lot of time crossing the railway tracks as they have to walk in the subway ,,,,4.0,2.0,2026-02-26,gome
0d0595f0-9da2-48a1-b39c-1007e8db6702,fd6fa9f7-bb7b-4522-805f-b49b80941b7d,26-02-2026,08:33:35,,,https://urbanbelonging.app/minio/photo-uploads-prod/060e0bac-1b7b-4283-9fcb-e1adc336dc06-400.jpeg,https://urbanbelonging.app/minio/photo-uploads-prod/060e0bac-1b7b-4283-9fcb-e1adc336dc06-1600.jpeg,problem,"Weird structure, very plain.",Does not upgrade the view of the street.,Replace with greener things.,,3.0,5.0,2026-02-26,xolivier
dc1dc5fb-5468-497c-9614-20acf691eacb,a290bc9c-f987-4a64-bdf7-9d3641c7f3e6,26-02-2026,08:40:29,47.49911,8.750984,https://urbanbelonging.app/minio/photo-uploads-prod/a6024171-49a4-4e4c-b4ab-1079bd18dd35-400.jpeg,https://urbanbelonging.app/minio/photo-uploads-prod/a6024171-49a4-4e4c-b4ab-1079bd18dd35-1600.jpeg,problem,Keine Abfalltrennung,"Wer Wert auf Abfalltrennung legt, benutzt diese Eimer ungerne.",Durch getrennte Mehrfachabfalleimer ersetzen.,"Auf kleinen Bahnhöfen gibt es fast nie Abfalltrennung. Besonders Petflaschen entsorge ich häufig an Bahnhöfen. Aber wenn die Trennung fehlt, nehme ich sie lieber mit zum nächsten grossen Bahnhof.",5.0,5.0,2026-02-26,arejou
204ea51e-14ca-4fe3-a143-cc7f390240cb,5ba273cb-497d-469b-8f94-e70621ed7d8e,26-02-2026,08:41:23,47.4993,8.72136,https://urbanbelonging.app/minio/photo-uploads-prod/2b49a3f3-1ec8-467c-8f28-6905626ee7e2-400.jpeg,https://urbanbelonging.app/minio/photo-uploads-prod/2b49a3f3-1ec8-467c-8f28-6905626ee7e2-1600.jpeg,problem,Hard to find if you are in a rush,,,,,,2026-02-26,pascal
1ffabcae-5376-48f3-9843-fd3874ff57e5,1877a8fe-1ceb-4984-889b-d4b81bc8d6a6,26-02-2026,08:44:49,47.498993,8.750354,https://urbanbelonging.app/minio/photo-uploads-prod/581e11d6-46ca-4bfc-8cec-704717a41d41-400.jpeg,https://urbanbelonging.app/minio/photo-uploads-prod/581e11d6-46ca-4bfc-8cec-704717a41d41-1600.jpeg,problem,Parkplatz,Ein Parkplatz hat fast kein Nutzen für Pendler*innen. Die Fahrzeuge sind kein schöner Anblick.,Der Parkplatz aufheben oder eine Tiefgarage.,,1.0,2.0,2026-02-26,c_real
49c78b7c-32e6-43c5-b363-929dacd6166b,1877a8fe-1ceb-4984-889b-d4b81bc8d6a6,26-02-2026,08:47:28,47.498867,8.750455,https://urbanbelonging.app/minio/photo-uploads-prod/bc5b870a-da21-440c-81f3-34ba05eee7b9-400.jpeg,https://urbanbelonging.app/minio/photo-uploads-prod/bc5b870a-da21-440c-81f3-34ba05eee7b9-1600.jpeg,problem,Ein Abfallberg,So ein Berg von Abfallsäcken ist hässlich. Direkt neben dem Bahnhof befindet sich Maag Recycling. Das Recycling Areal direkt neben dem Bahnhof ist grundsätzlich sehr ungelegen. Es verursacht Lärm und sieht sehr chaotisch aus.,Maag Recycling sollte verlegt werden. Das Areal könnte viel sinnvoller genutzt werden.,,1.0,1.0,2026-02-26,c_real
331a9865-de2e-4631-a65a-2174431b34fa,a290bc9c-f987-4a64-bdf7-9d3641c7f3e6,26-02-2026,08:52:24,47.499496,8.751376,https://urbanbelonging.app/minio/photo-uploads-prod/906066a4-0d54-408a-a042-59fb931fc44f-400.jpeg,https://urbanbelonging.app/minio/photo-uploads-prod/906066a4-0d54-408a-a042-59fb931fc44f-1600.jpeg,problem,Fahrverbot in Unterführung wird von Velofahrern oft ignoriert.,,"Fahrräder offiziell erlauben aber mit Hinweis, langsam zu fahren.",,5.0,4.0,2026-02-26,arejou
baf1bc29-88d6-4385-af74-38ce32597ce6,91e2a0f6-184f-4766-85ac-d2c9112999a1,26-02-2026,08:56:01,47.498817,8.750297,https://urbanbelonging.app/minio/photo-uploads-prod/fb661df0-5939-4093-b1ae-2a4e04b9228b-400.jpeg,https://urbanbelonging.app/minio/photo-uploads-prod/fb661df0-5939-4093-b1ae-2a4e04b9228b-1600.jpeg,problem,Alles Beton,Unschön und nicht Begrüßung,Malen die Wänden,,4.0,4.0,2026-02-26,philemon
d333af5a-af57-4543-8c31-f4fdb4d008fa,ec0f0c74-720a-4714-99b3-c40b2bbae27c,26-02-2026,08:57:38,47.500214,8.7514,https://urbanbelonging.app/minio/photo-uploads-prod/d2f2345e-6adf-400e-86e5-a0ffb9f96e9a-400.jpeg,https://urbanbelonging.app/minio/photo-uploads-prod/d2f2345e-6adf-400e-86e5-a0ffb9f96e9a-1600.jpeg,problem,Paint point. Hard to cross with bikes ,,,,,,2026-02-26,john
3e3eb5db-d5d7-460b-a15b-f8a93f85ef1f,3a161102-0dcd-4b81-bb0f-e9e5f419778b,26-02-2026,08:56:13,,,https://urbanbelonging.app/minio/photo-uploads-prod/bbde5965-c73e-4071-9163-5e0b134aea24-400.jpeg,https://urbanbelonging.app/minio/photo-uploads-prod/bbde5965-c73e-4071-9163-5e0b134aea24-1600.jpeg,problem,Sterile unterführung Grütze,Die unterführung ist zwar schön hell aber ein wenig eintönig,"Man könnte meh mit farben was machen
 Aber hellen Farben damit es nicht zu dunkel ist",,5.0,4.0,2026-02-26,teri284
ffab36ea-fff5-429e-80b8-eb9498d7e292,22a29234-a68b-40b5-aefa-304c5be7a313,26-02-2026,09:06:48,47.49914,8.749893,https://urbanbelonging.app/minio/photo-uploads-prod/0f5e6e5a-1dc7-447c-b300-1acfc7e6042a-400.jpeg,https://urbanbelonging.app/minio/photo-uploads-prod/0f5e6e5a-1dc7-447c-b300-1acfc7e6042a-1600.jpeg,problem,No bike access?,No bike access ,,,,,2026-02-26,mountainpixel
0b3fdb01-b8e8-4b31-a719-6c21eca941d8,160f1796-7e54-49e7-80dc-0b675516028b,26-02-2026,09:10:00,47.499596,8.723112,https://urbanbelonging.app/minio/photo-uploads-prod/b24ac363-5665-47a9-91d8-4d9c1427583d-400.jpeg,https://urbanbelonging.app/minio/photo-uploads-prod/b24ac363-5665-47a9-91d8-4d9c1427583d-1600.jpeg,problem,,,,,,,2026-02-26,rojan
1a6c890b-80c7-476b-bdfb-f03f94a06c5b,5ba273cb-497d-469b-8f94-e70621ed7d8e,26-02-2026,09:06:36,47.498962,8.749784,https://urbanbelonging.app/minio/photo-uploads-prod/5eed5e63-cbce-4017-bbd8-e12ee9a71fc1-400.jpeg,https://urbanbelonging.app/minio/photo-uploads-prod/5eed5e63-cbce-4017-bbd8-e12ee9a71fc1-1600.jpeg,problem,Not a nice shelter if it rains,,,,,,2026-02-26,pascal
f023e50f-1d9b-4dfe-a44f-7ac1a3a0d173,22a29234-a68b-40b5-aefa-304c5be7a313,26-02-2026,09:07:59,47.49914,8.749893,https://urbanbelonging.app/minio/photo-uploads-prod/0f64be4d-b795-48c6-aed8-1e5d7af96b08-400.jpeg,https://urbanbelonging.app/minio/photo-uploads-prod/0f64be4d-b795-48c6-aed8-1e5d7af96b08-1600.jpeg,problem,Usless place,Empty lot not nice to look at,A couple of benches and trees would be nice,,3.0,3.0,2026-02-26,mountainpixel
41f3197d-2414-4057-954e-002ce9c05310,fd6fa9f7-bb7b-4522-805f-b49b80941b7d,26-02-2026,09:09:04,,,https://urbanbelonging.app/minio/photo-uploads-prod/0984cdba-f872-4b24-9719-e393595d1a6a-400.jpeg,https://urbanbelonging.app/minio/photo-uploads-prod/0984cdba-f872-4b24-9719-e393595d1a6a-1600.jpeg,problem,Relatively dark station,"No good lighting, even during day",Open up the top with glass,,3.0,2.0,2026-02-26,xolivier
40ba6014-b718-4d6a-9e7d-83b32a6f2ebe,a290bc9c-f987-4a64-bdf7-9d3641c7f3e6,26-02-2026,09:07:42,47.49874,8.750626,https://urbanbelonging.app/minio/photo-uploads-prod/30e92ac9-ddce-4247-b7c1-aed380318d4d-400.jpeg,https://urbanbelonging.app/minio/photo-uploads-prod/30e92ac9-ddce-4247-b7c1-aed380318d4d-1600.jpeg,problem,Fehlender Ticketautomat auf der Rückseite des Bahnhofs.,"Wer von dieser Seite kommt, muss unter dem ganzen Bahnhof durch, um ein Ticket zu lösen.",Ticketautomat platzieren,,3.0,5.0,2026-02-26,arejou
1fb62b5f-dd2b-4cfc-9ede-3ab9b35a6cab,fd6fa9f7-bb7b-4522-805f-b49b80941b7d,26-02-2026,09:11:16,,,https://urbanbelonging.app/minio/photo-uploads-prod/a2ce1eaf-584e-4765-a765-2268f24e2298-400.jpeg,https://urbanbelonging.app/minio/photo-uploads-prod/a2ce1eaf-584e-4765-a765-2268f24e2298-1600.jpeg,problem,Not inviting to stay long,A little dystopian old vibe,Repaint and put in more bright colours,,3.0,3.0,2026-02-26,xolivier
f709262e-947c-492e-a4f8-61d7a8988a29,160f1796-7e54-49e7-80dc-0b675516028b,26-02-2026,09:10:49,47.499657,8.722663,https://urbanbelonging.app/minio/photo-uploads-prod/028dc30b-bc5d-49b1-bd08-4ea173e0576c-400.jpeg,https://urbanbelonging.app/minio/photo-uploads-prod/028dc30b-bc5d-49b1-bd08-4ea173e0576c-1600.jpeg,problem,Es ist zu dunkel,Kein Ort für lange Aufenthalte,"Mehr Glas, bessere Beleuchtung den Bahnhof weiss streichen",,2.0,3.0,2026-02-26,rojan
059bdbfc-4448-41df-9713-863d9b3454e9,160f1796-7e54-49e7-80dc-0b675516028b,26-02-2026,09:12:57,47.49957,8.723072,https://urbanbelonging.app/minio/photo-uploads-prod/9dc1114a-501b-4d22-82ce-066985ed5eab-400.jpeg,https://urbanbelonging.app/minio/photo-uploads-prod/9dc1114a-501b-4d22-82ce-066985ed5eab-1600.jpeg,problem,Zugverspätung,"Weiterreise, Zeit ist Geld",,,2.0,3.0,2026-02-26,rojan
278bc7ec-aaca-4302-a503-55466deab987,fd6fa9f7-bb7b-4522-805f-b49b80941b7d,26-02-2026,09:16:05,,,https://urbanbelonging.app/minio/photo-uploads-prod/8026f01f-9821-41c0-a8ed-90f1d1d81058-400.jpeg,https://urbanbelonging.app/minio/photo-uploads-prod/8026f01f-9821-41c0-a8ed-90f1d1d81058-1600.jpeg,problem,Why block the entrance on a bycicle connection,Does not encourage the use of the velo station,Remove the blockera,,2.0,4.0,2026-02-26,xolivier
1ee6eb52-d2bf-4b76-a200-a5d91c2d59f6,160f1796-7e54-49e7-80dc-0b675516028b,26-02-2026,09:14:25,47.499275,8.722636,https://urbanbelonging.app/minio/photo-uploads-prod/7cd8b8f5-c4b5-408b-b4f5-3eaa6eca75ba-400.jpeg,https://urbanbelonging.app/minio/photo-uploads-prod/7cd8b8f5-c4b5-408b-b4f5-3eaa6eca75ba-1600.jpeg,problem,Verschmutzung auf den Gleisen,,Bussen für Verschmutzung  ,,2.0,3.0,2026-02-26,rojan
e9bf7333-b95b-49c6-87a0-220f9b2f32b7,160f1796-7e54-49e7-80dc-0b675516028b,26-02-2026,09:16:15,47.49901,8.722964,https://urbanbelonging.app/minio/photo-uploads-prod/c802be1c-3cea-422a-b341-447bd538b1ae-400.jpeg,https://urbanbelonging.app/minio/photo-uploads-prod/c802be1c-3cea-422a-b341-447bd538b1ae-1600.jpeg,problem,Veloparkplatzeingang zu schmal,Man kann nicht direkt zum Abstellplatz fahren,Breiteren Aufgang ohne so eine Kurve zu bauen,,2.0,2.0,2026-02-26,rojan
5a20efdf-4c2c-488f-86fc-d99edcfd1a6e,fd6fa9f7-bb7b-4522-805f-b49b80941b7d,26-02-2026,09:24:08,,,https://urbanbelonging.app/minio/photo-uploads-prod/209657fd-dcb7-4914-af63-9de2c5741a3d-400.jpeg,https://urbanbelonging.app/minio/photo-uploads-prod/209657fd-dcb7-4914-af63-9de2c5741a3d-1600.jpeg,problem,Noone sees this peoplecrossing signal,"No good signalling or markings, so noone realises that there is a redlight potentially.",Mark the ground with a streetcrossing,,2.0,5.0,2026-02-26,xolivier
2982bea9-10ed-4a5b-b08a-f00bcd582ee5,1877a8fe-1ceb-4984-889b-d4b81bc8d6a6,26-02-2026,09:16:37,47.500957,8.724168,https://urbanbelonging.app/minio/photo-uploads-prod/41235f39-0325-40c7-aff1-8feb4c53947b-400.jpeg,https://urbanbelonging.app/minio/photo-uploads-prod/41235f39-0325-40c7-aff1-8feb4c53947b-1600.jpeg,problem,Bedachung,"Sehr dunkle, nicht schöne Bedachung. Auch bei Tageslicht fühlt sich der Bahnhof düster an.",Aufwertung der Bedachung. mehr Licht.,,3.0,2.0,2026-02-26,c_real
95e31343-c238-4525-ad54-8424209cc634,160f1796-7e54-49e7-80dc-0b675516028b,26-02-2026,09:19:43,47.49885,8.724251,https://urbanbelonging.app/minio/photo-uploads-prod/cd81c7b0-61c1-4cb4-a711-170b01cab4fb-400.jpeg,https://urbanbelonging.app/minio/photo-uploads-prod/cd81c7b0-61c1-4cb4-a711-170b01cab4fb-1600.jpeg,problem,Keine grünen Pflanzen,Zu wenig Wasser,Mehr Aufmerksamkeit schenken,,2.0,3.0,2026-02-26,rojan
6b679b6d-32cf-4078-b854-2b148446c480,22a29234-a68b-40b5-aefa-304c5be7a313,26-02-2026,09:23:22,47.49752,8.732062,https://urbanbelonging.app/minio/photo-uploads-prod/cda8a214-5dc5-4a81-b7dd-d2c2baefa84f-400.jpeg,https://urbanbelonging.app/minio/photo-uploads-prod/cda8a214-5dc5-4a81-b7dd-d2c2baefa84f-1600.jpeg,problem,no crossing to the other side ,"dangerous to get to the other side, long walk to other crossings ",make a crossing ,,1.0,4.0,2026-02-26,mountainpixel
b9cafa6f-5369-4d38-8e36-5397140da0d5,22a29234-a68b-40b5-aefa-304c5be7a313,26-02-2026,09:24:38,47.49792,8.729662,https://urbanbelonging.app/minio/photo-uploads-prod/677ef019-fc1a-4f16-910b-847161f0d622-400.jpeg,https://urbanbelonging.app/minio/photo-uploads-prod/677ef019-fc1a-4f16-910b-847161f0d622-1600.jpeg,problem,"What is this? Road, car park or pavement?",Once got run over here,Get rid of this stupid secondary road and parking spaces,,1.0,5.0,2026-02-26,mountainpixel
a168f9c5-9c72-48d1-9bc1-b8119a994e75,160f1796-7e54-49e7-80dc-0b675516028b,26-02-2026,09:23:50,47.497955,8.726286,https://urbanbelonging.app/minio/photo-uploads-prod/e489241b-0e86-4856-a308-61c7130e057f-400.jpeg,https://urbanbelonging.app/minio/photo-uploads-prod/e489241b-0e86-4856-a308-61c7130e057f-1600.jpeg,problem,Fussgängerübergang nicht klar ersichtlich das es auch eine Ausfahrt ist,Fussgänger laufen oft über rot und es ist Ihnen gar nicht bewusst,Markierungen am Boden erstellen,,2.0,5.0,2026-02-26,rojan
4e2706ca-d22e-45cb-ae6c-7903afe8ae66,160f1796-7e54-49e7-80dc-0b675516028b,26-02-2026,09:26:05,47.497566,8.728052,https://urbanbelonging.app/minio/photo-uploads-prod/2cd2a066-7140-4d66-8882-2623d6d12389-400.jpeg,https://urbanbelonging.app/minio/photo-uploads-prod/2cd2a066-7140-4d66-8882-2623d6d12389-1600.jpeg,problem,Physikgebäude,passt nicht ins Stadtbild,Neubau ,,1.0,3.0,2026-02-26,rojan
9380b476-039b-478d-b91a-2f028a144ca0,1877a8fe-1ceb-4984-889b-d4b81bc8d6a6,26-02-2026,09:27:52,47.49829,8.72803,https://urbanbelonging.app/minio/photo-uploads-prod/554c8601-f2e1-409d-a502-35827e6da632-400.jpeg,https://urbanbelonging.app/minio/photo-uploads-prod/554c8601-f2e1-409d-a502-35827e6da632-1600.jpeg,problem,rumstehende Autos ,Autos welche unzulässig in der autofreien Altstadt herum stehen. Die Autos sind hässlich und stören das Stadtbild.,Die Altstadt nicht zugänglich machen mit Poller und Schrankensystem. Mehr Kontrollen und Parkbussen verteilen.,,1.0,3.0,2026-02-26,c_real
0ebfcc4e-2461-4e4e-a959-a0561a05e75c,b35f73ff-152a-4d66-b52a-5ac0af337c97,27-02-2026,08:43:32,47.498013,8.73076,https://urbanbelonging.app/minio/photo-uploads-prod/d43898cb-9af1-4224-9f29-6c50ca8c999f-400.jpeg,https://urbanbelonging.app/minio/photo-uploads-prod/d43898cb-9af1-4224-9f29-6c50ca8c999f-1600.jpeg,problem,People watching loud videos on their phones,I just find this very annoying and often distracting. I think the other passengers should be more respected.,They could use headphones.,"Often used to keep children busy, and that is also often annoying and loud and distracting. Although I understand why, it is just tiring.",2.0,5.0,2026-02-27,csd
cf6608d1-366c-4e43-8d95-8806258aa9c4,bd27a6b8-dbad-4d1b-bd1b-ec0c7fa4d48a,28-02-2026,07:50:18,47.497284,8.730339,https://urbanbelonging.app/minio/photo-uploads-prod/b48fd510-9e58-43fe-a7c5-a5288b0dd4dd-400.jpeg,https://urbanbelonging.app/minio/photo-uploads-prod/b48fd510-9e58-43fe-a7c5-a5288b0dd4dd-1600.jpeg,problem,Unterführung Technikumstrasse,"Es stinkt, es ist dunkel, man fühlt sich unwohl","Bessere beleuchtung, Sauberkeit",Im Bhf wurde Unterführung gut renoviert ,3.0,5.0,2026-02-28,bueelma
bf9eadbe-705a-41ad-96d7-3365a1245318,bd27a6b8-dbad-4d1b-bd1b-ec0c7fa4d48a,02-03-2026,16:57:03,47.597015,8.68427,https://urbanbelonging.app/minio/photo-uploads-prod/24ad5ea9-0fca-43bb-832e-f3b5f95801db-400.jpeg,https://urbanbelonging.app/minio/photo-uploads-prod/24ad5ea9-0fca-43bb-832e-f3b5f95801db-1600.jpeg,problem,Begegnung Busse/Zufussgehende,Zu viele Busse und Menschen kreuzen ohne Regulierung,"Unterführung, Ampel, Eingezeichnete Wege, Zäune",No,2.0,3.0,2026-03-02,bueelma
74085256-b084-4881-a430-0dfe797cbc7e,bd27a6b8-dbad-4d1b-bd1b-ec0c7fa4d48a,03-03-2026,16:37:58,47.501495,8.724452,https://urbanbelonging.app/minio/photo-uploads-prod/c43237d7-5ddb-4e2b-9b0a-fd45f36850eb-400.jpeg,https://urbanbelonging.app/minio/photo-uploads-prod/c43237d7-5ddb-4e2b-9b0a-fd45f36850eb-1600.jpeg,problem,Fussführung ZHAW - Bhf. ungünstig,"Unflüssige Grünphase Zebrastreifen, Alstadteinfahrt unklar, wird von Zufussgehenden nicht wahrgenommen/beachtet da wenig Autoverkehr in die Altstadt.","Besser sichtbare Signalisierung, Priorisierung Fussgängerströme oder Lenkung der zu Fussgehenden auf alternativen wegen: Bsp. über hintere Lagerhaustr. oder Altstadt.",Bei der Haltestelle Deutweg erlebt man das gleiche wenn mann zum Hallenbad möchte.,2.0,2.0,2026-03-03,bueelma
6fd8b4c3-d2f4-4f66-90b8-51fd1d09a14a,7372714e-6fd6-40b7-962e-92ea4ac2669b,05-03-2026,06:12:34,,,https://urbanbelonging.app/minio/photo-uploads-prod/189230de-fc82-4135-8810-96b4a86f1d57-400.jpeg,https://urbanbelonging.app/minio/photo-uploads-prod/189230de-fc82-4135-8810-96b4a86f1d57-1600.jpeg,problem,Zug verspätet.,,,,,,2026-03-05,nm
72624c65-3aff-40af-b004-65f3078fea11,3293e347-8f66-4d37-821e-81f39ed27dc8,09-03-2026,10:09:58,47.482227,8.770192,https://urbanbelonging.app/minio/photo-uploads-prod/00706d3b-5b52-48f3-a926-fa5d1daf9e6e-400.jpeg,https://urbanbelonging.app/minio/photo-uploads-prod/00706d3b-5b52-48f3-a926-fa5d1daf9e6e-1600.jpeg,problem,,,,,,,2026-03-09,sibil
